"","date","frequency","y","m","d","date2","dow"
"1","01012011",20,2011,1,1,2011-01-01,"Saturday"
"2","01012012",37,2012,1,1,2012-01-01,"Sunday"
"3","01012013",79,2013,1,1,2013-01-01,"Tuesday"
"4","01012014",49,2014,1,1,2014-01-01,"Wednesday"
"5","01022010",1,2010,2,1,2010-02-01,"Monday"
"6","01022011",20,2011,2,1,2011-02-01,"Tuesday"
"7","01022012",50,2012,2,1,2012-02-01,"Wednesday"
"8","01022013",51,2013,2,1,2013-02-01,"Friday"
"9","01022014",41,2014,2,1,2014-02-01,"Saturday"
"10","01032011",34,2011,3,1,2011-03-01,"Tuesday"
"11","01032012",46,2012,3,1,2012-03-01,"Thursday"
"12","01032013",61,2013,3,1,2013-03-01,"Friday"
"13","01032014",41,2014,3,1,2014-03-01,"Saturday"
"14","01042011",41,2011,4,1,2011-04-01,"Friday"
"15","01042012",25,2012,4,1,2012-04-01,"Sunday"
"16","01042013",59,2013,4,1,2013-04-01,"Monday"
"17","01042014",30,2014,4,1,2014-04-01,"Tuesday"
"18","01052010",1,2010,5,1,2010-05-01,"Saturday"
"19","01052011",42,2011,5,1,2011-05-01,"Sunday"
"20","01052012",68,2012,5,1,2012-05-01,"Tuesday"
"21","01052013",85,2013,5,1,2013-05-01,"Wednesday"
"22","01062010",8,2010,6,1,2010-06-01,"Tuesday"
"23","01062011",41,2011,6,1,2011-06-01,"Wednesday"
"24","01062012",58,2012,6,1,2012-06-01,"Friday"
"25","01062013",65,2013,6,1,2013-06-01,"Saturday"
"26","01072010",7,2010,7,1,2010-07-01,"Thursday"
"27","01072011",51,2011,7,1,2011-07-01,"Friday"
"28","01072012",47,2012,7,1,2012-07-01,"Sunday"
"29","01072013",76,2013,7,1,2013-07-01,"Monday"
"30","01082010",1,2010,8,1,2010-08-01,"Sunday"
"31","01082011",40,2011,8,1,2011-08-01,"Monday"
"32","01082012",79,2012,8,1,2012-08-01,"Wednesday"
"33","01082013",80,2013,8,1,2013-08-01,"Thursday"
"34","01092009",1,2009,9,1,2009-09-01,"Tuesday"
"35","01092010",4,2010,9,1,2010-09-01,"Wednesday"
"36","01092011",49,2011,9,1,2011-09-01,"Thursday"
"37","01092012",51,2012,9,1,2012-09-01,"Saturday"
"38","01092013",94,2013,9,1,2013-09-01,"Sunday"
"39","01102010",4,2010,10,1,2010-10-01,"Friday"
"40","01102011",27,2011,10,1,2011-10-01,"Saturday"
"41","01102012",80,2012,10,1,2012-10-01,"Monday"
"42","01102013",77,2013,10,1,2013-10-01,"Tuesday"
"43","01112010",7,2010,11,1,2010-11-01,"Monday"
"44","01112011",46,2011,11,1,2011-11-01,"Tuesday"
"45","01112012",61,2012,11,1,2012-11-01,"Thursday"
"46","01112013",78,2013,11,1,2013-11-01,"Friday"
"47","01122010",17,2010,12,1,2010-12-01,"Wednesday"
"48","01122011",54,2011,12,1,2011-12-01,"Thursday"
"49","01122012",49,2012,12,1,2012-12-01,"Saturday"
"50","01122013",34,2013,12,1,2013-12-01,"Sunday"
"51","02012011",17,2011,1,2,2011-01-02,"Sunday"
"52","02012012",22,2012,1,2,2012-01-02,"Monday"
"53","02012013",49,2013,1,2,2013-01-02,"Wednesday"
"54","02012014",43,2014,1,2,2014-01-02,"Thursday"
"55","02022011",4,2011,2,2,2011-02-02,"Wednesday"
"56","02022012",48,2012,2,2,2012-02-02,"Thursday"
"57","02022013",39,2013,2,2,2013-02-02,"Saturday"
"58","02022014",48,2014,2,2,2014-02-02,"Sunday"
"59","02032010",1,2010,3,2,2010-03-02,"Tuesday"
"60","02032011",38,2011,3,2,2011-03-02,"Wednesday"
"61","02032012",37,2012,3,2,2012-03-02,"Friday"
"62","02032013",57,2013,3,2,2013-03-02,"Saturday"
"63","02032014",33,2014,3,2,2014-03-02,"Sunday"
"64","02042011",26,2011,4,2,2011-04-02,"Saturday"
"65","02042012",83,2012,4,2,2012-04-02,"Monday"
"66","02042013",62,2013,4,2,2013-04-02,"Tuesday"
"67","02042014",54,2014,4,2,2014-04-02,"Wednesday"
"68","02052010",1,2010,5,2,2010-05-02,"Sunday"
"69","02052011",44,2011,5,2,2011-05-02,"Monday"
"70","02052012",87,2012,5,2,2012-05-02,"Wednesday"
"71","02052013",78,2013,5,2,2013-05-02,"Thursday"
"72","02052014",2,2014,5,2,2014-05-02,"Friday"
"73","02062010",5,2010,6,2,2010-06-02,"Wednesday"
"74","02062011",46,2011,6,2,2011-06-02,"Thursday"
"75","02062012",59,2012,6,2,2012-06-02,"Saturday"
"76","02062013",62,2013,6,2,2013-06-02,"Sunday"
"77","02072010",6,2010,7,2,2010-07-02,"Friday"
"78","02072011",47,2011,7,2,2011-07-02,"Saturday"
"79","02072012",55,2012,7,2,2012-07-02,"Monday"
"80","02072013",75,2013,7,2,2013-07-02,"Tuesday"
"81","02082010",9,2010,8,2,2010-08-02,"Monday"
"82","02082011",51,2011,8,2,2011-08-02,"Tuesday"
"83","02082012",60,2012,8,2,2012-08-02,"Thursday"
"84","02082013",67,2013,8,2,2013-08-02,"Friday"
"85","02092009",1,2009,9,2,2009-09-02,"Wednesday"
"86","02092010",13,2010,9,2,2010-09-02,"Thursday"
"87","02092011",38,2011,9,2,2011-09-02,"Friday"
"88","02092012",64,2012,9,2,2012-09-02,"Sunday"
"89","02092013",109,2013,9,2,2013-09-02,"Monday"
"90","02102010",4,2010,10,2,2010-10-02,"Saturday"
"91","02102011",40,2011,10,2,2011-10-02,"Sunday"
"92","02102012",67,2012,10,2,2012-10-02,"Tuesday"
"93","02102013",86,2013,10,2,2013-10-02,"Wednesday"
"94","02112010",11,2010,11,2,2010-11-02,"Tuesday"
"95","02112011",44,2011,11,2,2011-11-02,"Wednesday"
"96","02112012",40,2012,11,2,2012-11-02,"Friday"
"97","02112013",59,2013,11,2,2013-11-02,"Saturday"
"98","02122010",32,2010,12,2,2010-12-02,"Thursday"
"99","02122011",55,2011,12,2,2011-12-02,"Friday"
"100","02122012",56,2012,12,2,2012-12-02,"Sunday"
"101","02122013",55,2013,12,2,2013-12-02,"Monday"
"102","03012011",18,2011,1,3,2011-01-03,"Monday"
"103","03012012",61,2012,1,3,2012-01-03,"Tuesday"
"104","03012013",64,2013,1,3,2013-01-03,"Thursday"
"105","03012014",26,2014,1,3,2014-01-03,"Friday"
"106","03022010",1,2010,2,3,2010-02-03,"Wednesday"
"107","03022011",17,2011,2,3,2011-02-03,"Thursday"
"108","03022012",42,2012,2,3,2012-02-03,"Friday"
"109","03022013",48,2013,2,3,2013-02-03,"Sunday"
"110","03022014",49,2014,2,3,2014-02-03,"Monday"
"111","03032010",1,2010,3,3,2010-03-03,"Wednesday"
"112","03032011",35,2011,3,3,2011-03-03,"Thursday"
"113","03032012",60,2012,3,3,2012-03-03,"Saturday"
"114","03032013",45,2013,3,3,2013-03-03,"Sunday"
"115","03032014",32,2014,3,3,2014-03-03,"Monday"
"116","03042011",22,2011,4,3,2011-04-03,"Sunday"
"117","03042012",80,2012,4,3,2012-04-03,"Tuesday"
"118","03042013",53,2013,4,3,2013-04-03,"Wednesday"
"119","03042014",49,2014,4,3,2014-04-03,"Thursday"
"120","03052010",8,2010,5,3,2010-05-03,"Monday"
"121","03052011",37,2011,5,3,2011-05-03,"Tuesday"
"122","03052012",91,2012,5,3,2012-05-03,"Thursday"
"123","03052013",92,2013,5,3,2013-05-03,"Friday"
"124","03052014",2,2014,5,3,2014-05-03,"Saturday"
"125","03062010",7,2010,6,3,2010-06-03,"Thursday"
"126","03062011",34,2011,6,3,2011-06-03,"Friday"
"127","03062012",42,2012,6,3,2012-06-03,"Sunday"
"128","03062013",75,2013,6,3,2013-06-03,"Monday"
"129","03072010",2,2010,7,3,2010-07-03,"Saturday"
"130","03072011",47,2011,7,3,2011-07-03,"Sunday"
"131","03072012",58,2012,7,3,2012-07-03,"Tuesday"
"132","03072013",94,2013,7,3,2013-07-03,"Wednesday"
"133","03082010",11,2010,8,3,2010-08-03,"Tuesday"
"134","03082011",34,2011,8,3,2011-08-03,"Wednesday"
"135","03082012",59,2012,8,3,2012-08-03,"Friday"
"136","03082013",67,2013,8,3,2013-08-03,"Saturday"
"137","03092010",2,2010,9,3,2010-09-03,"Friday"
"138","03092011",38,2011,9,3,2011-09-03,"Saturday"
"139","03092012",55,2012,9,3,2012-09-03,"Monday"
"140","03092013",67,2013,9,3,2013-09-03,"Tuesday"
"141","03102010",3,2010,10,3,2010-10-03,"Sunday"
"142","03102011",38,2011,10,3,2011-10-03,"Monday"
"143","03102012",60,2012,10,3,2012-10-03,"Wednesday"
"144","03102013",74,2013,10,3,2013-10-03,"Thursday"
"145","03112010",12,2010,11,3,2010-11-03,"Wednesday"
"146","03112011",41,2011,11,3,2011-11-03,"Thursday"
"147","03112012",17,2012,11,3,2012-11-03,"Saturday"
"148","03112013",50,2013,11,3,2013-11-03,"Sunday"
"149","03122009",1,2009,12,3,2009-12-03,"Thursday"
"150","03122010",22,2010,12,3,2010-12-03,"Friday"
"151","03122011",30,2011,12,3,2011-12-03,"Saturday"
"152","03122012",67,2012,12,3,2012-12-03,"Monday"
"153","03122013",49,2013,12,3,2013-12-03,"Tuesday"
"154","04012010",2,2010,1,4,2010-01-04,"Monday"
"155","04012011",28,2011,1,4,2011-01-04,"Tuesday"
"156","04012012",27,2012,1,4,2012-01-04,"Wednesday"
"157","04012013",65,2013,1,4,2013-01-04,"Friday"
"158","04012014",44,2014,1,4,2014-01-04,"Saturday"
"159","04022011",20,2011,2,4,2011-02-04,"Friday"
"160","04022012",36,2012,2,4,2012-02-04,"Saturday"
"161","04022013",84,2013,2,4,2013-02-04,"Monday"
"162","04022014",49,2014,2,4,2014-02-04,"Tuesday"
"163","04032010",1,2010,3,4,2010-03-04,"Thursday"
"164","04032011",20,2011,3,4,2011-03-04,"Friday"
"165","04032012",32,2012,3,4,2012-03-04,"Sunday"
"166","04032013",62,2013,3,4,2013-03-04,"Monday"
"167","04032014",43,2014,3,4,2014-03-04,"Tuesday"
"168","04042011",38,2011,4,4,2011-04-04,"Monday"
"169","04042012",62,2012,4,4,2012-04-04,"Wednesday"
"170","04042013",76,2013,4,4,2013-04-04,"Thursday"
"171","04042014",47,2014,4,4,2014-04-04,"Friday"
"172","04052010",6,2010,5,4,2010-05-04,"Tuesday"
"173","04052011",62,2011,5,4,2011-05-04,"Wednesday"
"174","04052012",84,2012,5,4,2012-05-04,"Friday"
"175","04052013",83,2013,5,4,2013-05-04,"Saturday"
"176","04052014",1,2014,5,4,2014-05-04,"Sunday"
"177","04062010",3,2010,6,4,2010-06-04,"Friday"
"178","04062011",22,2011,6,4,2011-06-04,"Saturday"
"179","04062012",81,2012,6,4,2012-06-04,"Monday"
"180","04062013",87,2013,6,4,2013-06-04,"Tuesday"
"181","04072010",3,2010,7,4,2010-07-04,"Sunday"
"182","04072011",36,2011,7,4,2011-07-04,"Monday"
"183","04072012",54,2012,7,4,2012-07-04,"Wednesday"
"184","04072013",78,2013,7,4,2013-07-04,"Thursday"
"185","04082010",9,2010,8,4,2010-08-04,"Wednesday"
"186","04082011",41,2011,8,4,2011-08-04,"Thursday"
"187","04082012",62,2012,8,4,2012-08-04,"Saturday"
"188","04082013",76,2013,8,4,2013-08-04,"Sunday"
"189","04092010",3,2010,9,4,2010-09-04,"Saturday"
"190","04092011",37,2011,9,4,2011-09-04,"Sunday"
"191","04092012",64,2012,9,4,2012-09-04,"Tuesday"
"192","04092013",87,2013,9,4,2013-09-04,"Wednesday"
"193","04102010",6,2010,10,4,2010-10-04,"Monday"
"194","04102011",45,2011,10,4,2011-10-04,"Tuesday"
"195","04102012",57,2012,10,4,2012-10-04,"Thursday"
"196","04102013",52,2013,10,4,2013-10-04,"Friday"
"197","04112010",9,2010,11,4,2010-11-04,"Thursday"
"198","04112011",53,2011,11,4,2011-11-04,"Friday"
"199","04112012",39,2012,11,4,2012-11-04,"Sunday"
"200","04112013",40,2013,11,4,2013-11-04,"Monday"
"201","04122010",11,2010,12,4,2010-12-04,"Saturday"
"202","04122011",48,2011,12,4,2011-12-04,"Sunday"
"203","04122012",65,2012,12,4,2012-12-04,"Tuesday"
"204","04122013",63,2013,12,4,2013-12-04,"Wednesday"
"205","05012011",33,2011,1,5,2011-01-05,"Wednesday"
"206","05012012",63,2012,1,5,2012-01-05,"Thursday"
"207","05012013",47,2013,1,5,2013-01-05,"Saturday"
"208","05012014",39,2014,1,5,2014-01-05,"Sunday"
"209","05022011",19,2011,2,5,2011-02-05,"Saturday"
"210","05022012",28,2012,2,5,2012-02-05,"Sunday"
"211","05022013",69,2013,2,5,2013-02-05,"Tuesday"
"212","05022014",58,2014,2,5,2014-02-05,"Wednesday"
"213","05032011",26,2011,3,5,2011-03-05,"Saturday"
"214","05032012",55,2012,3,5,2012-03-05,"Monday"
"215","05032013",45,2013,3,5,2013-03-05,"Tuesday"
"216","05032014",45,2014,3,5,2014-03-05,"Wednesday"
"217","05042011",53,2011,4,5,2011-04-05,"Tuesday"
"218","05042012",70,2012,4,5,2012-04-05,"Thursday"
"219","05042013",67,2013,4,5,2013-04-05,"Friday"
"220","05042014",67,2014,4,5,2014-04-05,"Saturday"
"221","05052010",1,2010,5,5,2010-05-05,"Wednesday"
"222","05052011",50,2011,5,5,2011-05-05,"Thursday"
"223","05052012",48,2012,5,5,2012-05-05,"Saturday"
"224","05052013",78,2013,5,5,2013-05-05,"Sunday"
"225","05052014",3,2014,5,5,2014-05-05,"Monday"
"226","05062010",2,2010,6,5,2010-06-05,"Saturday"
"227","05062011",31,2011,6,5,2011-06-05,"Sunday"
"228","05062012",72,2012,6,5,2012-06-05,"Tuesday"
"229","05062013",83,2013,6,5,2013-06-05,"Wednesday"
"230","05072010",5,2010,7,5,2010-07-05,"Monday"
"231","05072011",49,2011,7,5,2011-07-05,"Tuesday"
"232","05072012",71,2012,7,5,2012-07-05,"Thursday"
"233","05072013",70,2013,7,5,2013-07-05,"Friday"
"234","05082010",7,2010,8,5,2010-08-05,"Thursday"
"235","05082011",44,2011,8,5,2011-08-05,"Friday"
"236","05082012",55,2012,8,5,2012-08-05,"Sunday"
"237","05082013",53,2013,8,5,2013-08-05,"Monday"
"238","05092010",7,2010,9,5,2010-09-05,"Sunday"
"239","05092011",43,2011,9,5,2011-09-05,"Monday"
"240","05092012",53,2012,9,5,2012-09-05,"Wednesday"
"241","05092013",75,2013,9,5,2013-09-05,"Thursday"
"242","05102009",2,2009,10,5,2009-10-05,"Monday"
"243","05102010",11,2010,10,5,2010-10-05,"Tuesday"
"244","05102011",33,2011,10,5,2011-10-05,"Wednesday"
"245","05102012",65,2012,10,5,2012-10-05,"Friday"
"246","05102013",57,2013,10,5,2013-10-05,"Saturday"
"247","05112010",10,2010,11,5,2010-11-05,"Friday"
"248","05112011",32,2011,11,5,2011-11-05,"Saturday"
"249","05112012",59,2012,11,5,2012-11-05,"Monday"
"250","05112013",50,2013,11,5,2013-11-05,"Tuesday"
"251","05122010",12,2010,12,5,2010-12-05,"Sunday"
"252","05122011",44,2011,12,5,2011-12-05,"Monday"
"253","05122012",64,2012,12,5,2012-12-05,"Wednesday"
"254","05122013",46,2013,12,5,2013-12-05,"Thursday"
"255","06012011",21,2011,1,6,2011-01-06,"Thursday"
"256","06012012",36,2012,1,6,2012-01-06,"Friday"
"257","06012013",54,2013,1,6,2013-01-06,"Sunday"
"258","06012014",33,2014,1,6,2014-01-06,"Monday"
"259","06022011",19,2011,2,6,2011-02-06,"Sunday"
"260","06022012",38,2012,2,6,2012-02-06,"Monday"
"261","06022013",63,2013,2,6,2013-02-06,"Wednesday"
"262","06022014",40,2014,2,6,2014-02-06,"Thursday"
"263","06032011",26,2011,3,6,2011-03-06,"Sunday"
"264","06032012",62,2012,3,6,2012-03-06,"Tuesday"
"265","06032013",61,2013,3,6,2013-03-06,"Wednesday"
"266","06032014",35,2014,3,6,2014-03-06,"Thursday"
"267","06042010",2,2010,4,6,2010-04-06,"Tuesday"
"268","06042011",45,2011,4,6,2011-04-06,"Wednesday"
"269","06042012",36,2012,4,6,2012-04-06,"Friday"
"270","06042013",61,2013,4,6,2013-04-06,"Saturday"
"271","06042014",39,2014,4,6,2014-04-06,"Sunday"
"272","06052011",49,2011,5,6,2011-05-06,"Friday"
"273","06052012",43,2012,5,6,2012-05-06,"Sunday"
"274","06052013",98,2013,5,6,2013-05-06,"Monday"
"275","06052014",3,2014,5,6,2014-05-06,"Tuesday"
"276","06062010",2,2010,6,6,2010-06-06,"Sunday"
"277","06062011",33,2011,6,6,2011-06-06,"Monday"
"278","06062012",75,2012,6,6,2012-06-06,"Wednesday"
"279","06062013",74,2013,6,6,2013-06-06,"Thursday"
"280","06072010",9,2010,7,6,2010-07-06,"Tuesday"
"281","06072011",42,2011,7,6,2011-07-06,"Wednesday"
"282","06072012",65,2012,7,6,2012-07-06,"Friday"
"283","06072013",78,2013,7,6,2013-07-06,"Saturday"
"284","06082010",5,2010,8,6,2010-08-06,"Friday"
"285","06082011",52,2011,8,6,2011-08-06,"Saturday"
"286","06082012",35,2012,8,6,2012-08-06,"Monday"
"287","06082013",44,2013,8,6,2013-08-06,"Tuesday"
"288","06092010",3,2010,9,6,2010-09-06,"Monday"
"289","06092011",42,2011,9,6,2011-09-06,"Tuesday"
"290","06092012",74,2012,9,6,2012-09-06,"Thursday"
"291","06092013",74,2013,9,6,2013-09-06,"Friday"
"292","06102010",10,2010,10,6,2010-10-06,"Wednesday"
"293","06102011",44,2011,10,6,2011-10-06,"Thursday"
"294","06102012",70,2012,10,6,2012-10-06,"Saturday"
"295","06102013",55,2013,10,6,2013-10-06,"Sunday"
"296","06112010",3,2010,11,6,2010-11-06,"Saturday"
"297","06112011",38,2011,11,6,2011-11-06,"Sunday"
"298","06112012",53,2012,11,6,2012-11-06,"Tuesday"
"299","06112013",31,2013,11,6,2013-11-06,"Wednesday"
"300","06122010",25,2010,12,6,2010-12-06,"Monday"
"301","06122011",50,2011,12,6,2011-12-06,"Tuesday"
"302","06122012",66,2012,12,6,2012-12-06,"Thursday"
"303","06122013",40,2013,12,6,2013-12-06,"Friday"
"304","07012011",35,2011,1,7,2011-01-07,"Friday"
"305","07012012",39,2012,1,7,2012-01-07,"Saturday"
"306","07012013",47,2013,1,7,2013-01-07,"Monday"
"307","07012014",31,2014,1,7,2014-01-07,"Tuesday"
"308","07022011",29,2011,2,7,2011-02-07,"Monday"
"309","07022012",38,2012,2,7,2012-02-07,"Tuesday"
"310","07022013",47,2013,2,7,2013-02-07,"Thursday"
"311","07022014",54,2014,2,7,2014-02-07,"Friday"
"312","07032011",36,2011,3,7,2011-03-07,"Monday"
"313","07032012",82,2012,3,7,2012-03-07,"Wednesday"
"314","07032013",66,2013,3,7,2013-03-07,"Thursday"
"315","07032014",47,2014,3,7,2014-03-07,"Friday"
"316","07042011",41,2011,4,7,2011-04-07,"Thursday"
"317","07042012",58,2012,4,7,2012-04-07,"Saturday"
"318","07042013",74,2013,4,7,2013-04-07,"Sunday"
"319","07042014",51,2014,4,7,2014-04-07,"Monday"
"320","07052010",6,2010,5,7,2010-05-07,"Friday"
"321","07052011",26,2011,5,7,2011-05-07,"Saturday"
"322","07052012",61,2012,5,7,2012-05-07,"Monday"
"323","07052013",74,2013,5,7,2013-05-07,"Tuesday"
"324","07062010",3,2010,6,7,2010-06-07,"Monday"
"325","07062011",47,2011,6,7,2011-06-07,"Tuesday"
"326","07062012",69,2012,6,7,2012-06-07,"Thursday"
"327","07062013",67,2013,6,7,2013-06-07,"Friday"
"328","07072010",7,2010,7,7,2010-07-07,"Wednesday"
"329","07072011",55,2011,7,7,2011-07-07,"Thursday"
"330","07072012",37,2012,7,7,2012-07-07,"Saturday"
"331","07072013",80,2013,7,7,2013-07-07,"Sunday"
"332","07082010",1,2010,8,7,2010-08-07,"Saturday"
"333","07082011",32,2011,8,7,2011-08-07,"Sunday"
"334","07082012",72,2012,8,7,2012-08-07,"Tuesday"
"335","07082013",70,2013,8,7,2013-08-07,"Wednesday"
"336","07092010",14,2010,9,7,2010-09-07,"Tuesday"
"337","07092011",47,2011,9,7,2011-09-07,"Wednesday"
"338","07092012",69,2012,9,7,2012-09-07,"Friday"
"339","07092013",90,2013,9,7,2013-09-07,"Saturday"
"340","07102010",5,2010,10,7,2010-10-07,"Thursday"
"341","07102011",35,2011,10,7,2011-10-07,"Friday"
"342","07102012",36,2012,10,7,2012-10-07,"Sunday"
"343","07102013",54,2013,10,7,2013-10-07,"Monday"
"344","07112010",5,2010,11,7,2010-11-07,"Sunday"
"345","07112011",36,2011,11,7,2011-11-07,"Monday"
"346","07112012",77,2012,11,7,2012-11-07,"Wednesday"
"347","07112013",52,2013,11,7,2013-11-07,"Thursday"
"348","07122010",21,2010,12,7,2010-12-07,"Tuesday"
"349","07122011",41,2011,12,7,2011-12-07,"Wednesday"
"350","07122012",46,2012,12,7,2012-12-07,"Friday"
"351","07122013",42,2013,12,7,2013-12-07,"Saturday"
"352","08012010",1,2010,1,8,2010-01-08,"Friday"
"353","08012011",25,2011,1,8,2011-01-08,"Saturday"
"354","08012012",26,2012,1,8,2012-01-08,"Sunday"
"355","08012013",52,2013,1,8,2013-01-08,"Tuesday"
"356","08012014",38,2014,1,8,2014-01-08,"Wednesday"
"357","08022011",22,2011,2,8,2011-02-08,"Tuesday"
"358","08022012",35,2012,2,8,2012-02-08,"Wednesday"
"359","08022013",42,2013,2,8,2013-02-08,"Friday"
"360","08022014",36,2014,2,8,2014-02-08,"Saturday"
"361","08032011",41,2011,3,8,2011-03-08,"Tuesday"
"362","08032012",44,2012,3,8,2012-03-08,"Thursday"
"363","08032013",87,2013,3,8,2013-03-08,"Friday"
"364","08032014",49,2014,3,8,2014-03-08,"Saturday"
"365","08042010",1,2010,4,8,2010-04-08,"Thursday"
"366","08042011",46,2011,4,8,2011-04-08,"Friday"
"367","08042012",42,2012,4,8,2012-04-08,"Sunday"
"368","08042013",64,2013,4,8,2013-04-08,"Monday"
"369","08042014",63,2014,4,8,2014-04-08,"Tuesday"
"370","08052011",31,2011,5,8,2011-05-08,"Sunday"
"371","08052012",66,2012,5,8,2012-05-08,"Tuesday"
"372","08052013",76,2013,5,8,2013-05-08,"Wednesday"
"373","08052014",1,2014,5,8,2014-05-08,"Thursday"
"374","08062010",4,2010,6,8,2010-06-08,"Tuesday"
"375","08062011",38,2011,6,8,2011-06-08,"Wednesday"
"376","08062012",65,2012,6,8,2012-06-08,"Friday"
"377","08062013",86,2013,6,8,2013-06-08,"Saturday"
"378","08072009",1,2009,7,8,2009-07-08,"Wednesday"
"379","08072010",8,2010,7,8,2010-07-08,"Thursday"
"380","08072011",37,2011,7,8,2011-07-08,"Friday"
"381","08072012",93,2012,7,8,2012-07-08,"Sunday"
"382","08072013",88,2013,7,8,2013-07-08,"Monday"
"383","08082010",6,2010,8,8,2010-08-08,"Sunday"
"384","08082011",32,2011,8,8,2011-08-08,"Monday"
"385","08082012",72,2012,8,8,2012-08-08,"Wednesday"
"386","08082013",75,2013,8,8,2013-08-08,"Thursday"
"387","08092010",6,2010,9,8,2010-09-08,"Wednesday"
"388","08092011",35,2011,9,8,2011-09-08,"Thursday"
"389","08092012",69,2012,9,8,2012-09-08,"Saturday"
"390","08092013",75,2013,9,8,2013-09-08,"Sunday"
"391","08102010",10,2010,10,8,2010-10-08,"Friday"
"392","08102011",49,2011,10,8,2011-10-08,"Saturday"
"393","08102012",52,2012,10,8,2012-10-08,"Monday"
"394","08102013",66,2013,10,8,2013-10-08,"Tuesday"
"395","08112010",6,2010,11,8,2010-11-08,"Monday"
"396","08112011",25,2011,11,8,2011-11-08,"Tuesday"
"397","08112012",57,2012,11,8,2012-11-08,"Thursday"
"398","08112013",50,2013,11,8,2013-11-08,"Friday"
"399","08122010",20,2010,12,8,2010-12-08,"Wednesday"
"400","08122011",48,2011,12,8,2011-12-08,"Thursday"
"401","08122012",55,2012,12,8,2012-12-08,"Saturday"
"402","08122013",30,2013,12,8,2013-12-08,"Sunday"
"403","09012011",18,2011,1,9,2011-01-09,"Sunday"
"404","09012012",39,2012,1,9,2012-01-09,"Monday"
"405","09012013",59,2013,1,9,2013-01-09,"Wednesday"
"406","09012014",38,2014,1,9,2014-01-09,"Thursday"
"407","09022011",23,2011,2,9,2011-02-09,"Wednesday"
"408","09022012",34,2012,2,9,2012-02-09,"Thursday"
"409","09022013",85,2013,2,9,2013-02-09,"Saturday"
"410","09022014",28,2014,2,9,2014-02-09,"Sunday"
"411","09032010",1,2010,3,9,2010-03-09,"Tuesday"
"412","09032011",38,2011,3,9,2011-03-09,"Wednesday"
"413","09032012",48,2012,3,9,2012-03-09,"Friday"
"414","09032013",107,2013,3,9,2013-03-09,"Saturday"
"415","09032014",42,2014,3,9,2014-03-09,"Sunday"
"416","09042011",27,2011,4,9,2011-04-09,"Saturday"
"417","09042012",37,2012,4,9,2012-04-09,"Monday"
"418","09042013",59,2013,4,9,2013-04-09,"Tuesday"
"419","09042014",45,2014,4,9,2014-04-09,"Wednesday"
"420","09052010",1,2010,5,9,2010-05-09,"Sunday"
"421","09052011",41,2011,5,9,2011-05-09,"Monday"
"422","09052012",43,2012,5,9,2012-05-09,"Wednesday"
"423","09052013",80,2013,5,9,2013-05-09,"Thursday"
"424","09052014",1,2014,5,9,2014-05-09,"Friday"
"425","09062010",11,2010,6,9,2010-06-09,"Wednesday"
"426","09062011",35,2011,6,9,2011-06-09,"Thursday"
"427","09062012",60,2012,6,9,2012-06-09,"Saturday"
"428","09062013",61,2013,6,9,2013-06-09,"Sunday"
"429","09072010",14,2010,7,9,2010-07-09,"Friday"
"430","09072011",42,2011,7,9,2011-07-09,"Saturday"
"431","09072012",70,2012,7,9,2012-07-09,"Monday"
"432","09072013",69,2013,7,9,2013-07-09,"Tuesday"
"433","09082010",11,2010,8,9,2010-08-09,"Monday"
"434","09082011",41,2011,8,9,2011-08-09,"Tuesday"
"435","09082012",67,2012,8,9,2012-08-09,"Thursday"
"436","09082013",50,2013,8,9,2013-08-09,"Friday"
"437","09092010",8,2010,9,9,2010-09-09,"Thursday"
"438","09092011",34,2011,9,9,2011-09-09,"Friday"
"439","09092012",76,2012,9,9,2012-09-09,"Sunday"
"440","09092013",76,2013,9,9,2013-09-09,"Monday"
"441","09102010",4,2010,10,9,2010-10-09,"Saturday"
"442","09102011",23,2011,10,9,2011-10-09,"Sunday"
"443","09102012",54,2012,10,9,2012-10-09,"Tuesday"
"444","09102013",64,2013,10,9,2013-10-09,"Wednesday"
"445","09112009",2,2009,11,9,2009-11-09,"Monday"
"446","09112010",12,2010,11,9,2010-11-09,"Tuesday"
"447","09112011",37,2011,11,9,2011-11-09,"Wednesday"
"448","09112012",74,2012,11,9,2012-11-09,"Friday"
"449","09112013",50,2013,11,9,2013-11-09,"Saturday"
"450","09122009",1,2009,12,9,2009-12-09,"Wednesday"
"451","09122010",22,2010,12,9,2010-12-09,"Thursday"
"452","09122011",54,2011,12,9,2011-12-09,"Friday"
"453","09122012",41,2012,12,9,2012-12-09,"Sunday"
"454","09122013",31,2013,12,9,2013-12-09,"Monday"
"455","10012011",32,2011,1,10,2011-01-10,"Monday"
"456","10012012",54,2012,1,10,2012-01-10,"Tuesday"
"457","10012013",59,2013,1,10,2013-01-10,"Thursday"
"458","10012014",45,2014,1,10,2014-01-10,"Friday"
"459","10022011",31,2011,2,10,2011-02-10,"Thursday"
"460","10022012",31,2012,2,10,2012-02-10,"Friday"
"461","10022013",49,2013,2,10,2013-02-10,"Sunday"
"462","10022014",46,2014,2,10,2014-02-10,"Monday"
"463","10032010",2,2010,3,10,2010-03-10,"Wednesday"
"464","10032011",39,2011,3,10,2011-03-10,"Thursday"
"465","10032012",37,2012,3,10,2012-03-10,"Saturday"
"466","10032013",43,2013,3,10,2013-03-10,"Sunday"
"467","10032014",57,2014,3,10,2014-03-10,"Monday"
"468","10042010",1,2010,4,10,2010-04-10,"Saturday"
"469","10042011",42,2011,4,10,2011-04-10,"Sunday"
"470","10042012",51,2012,4,10,2012-04-10,"Tuesday"
"471","10042013",68,2013,4,10,2013-04-10,"Wednesday"
"472","10042014",44,2014,4,10,2014-04-10,"Thursday"
"473","10052010",3,2010,5,10,2010-05-10,"Monday"
"474","10052011",56,2011,5,10,2011-05-10,"Tuesday"
"475","10052012",38,2012,5,10,2012-05-10,"Thursday"
"476","10052013",71,2013,5,10,2013-05-10,"Friday"
"477","10052014",2,2014,5,10,2014-05-10,"Saturday"
"478","10062010",5,2010,6,10,2010-06-10,"Thursday"
"479","10062011",38,2011,6,10,2011-06-10,"Friday"
"480","10062012",56,2012,6,10,2012-06-10,"Sunday"
"481","10062013",71,2013,6,10,2013-06-10,"Monday"
"482","10072010",2,2010,7,10,2010-07-10,"Saturday"
"483","10072011",34,2011,7,10,2011-07-10,"Sunday"
"484","10072012",64,2012,7,10,2012-07-10,"Tuesday"
"485","10072013",82,2013,7,10,2013-07-10,"Wednesday"
"486","10082010",9,2010,8,10,2010-08-10,"Tuesday"
"487","10082011",37,2011,8,10,2011-08-10,"Wednesday"
"488","10082012",41,2012,8,10,2012-08-10,"Friday"
"489","10082013",76,2013,8,10,2013-08-10,"Saturday"
"490","10092009",1,2009,9,10,2009-09-10,"Thursday"
"491","10092010",3,2010,9,10,2010-09-10,"Friday"
"492","10092011",43,2011,9,10,2011-09-10,"Saturday"
"493","10092012",70,2012,9,10,2012-09-10,"Monday"
"494","10092013",74,2013,9,10,2013-09-10,"Tuesday"
"495","10102010",3,2010,10,10,2010-10-10,"Sunday"
"496","10102011",38,2011,10,10,2011-10-10,"Monday"
"497","10102012",66,2012,10,10,2012-10-10,"Wednesday"
"498","10102013",62,2013,10,10,2013-10-10,"Thursday"
"499","10112010",10,2010,11,10,2010-11-10,"Wednesday"
"500","10112011",50,2011,11,10,2011-11-10,"Thursday"
"501","10112012",71,2012,11,10,2012-11-10,"Saturday"
"502","10112013",40,2013,11,10,2013-11-10,"Sunday"
"503","10122009",1,2009,12,10,2009-12-10,"Thursday"
"504","10122010",34,2010,12,10,2010-12-10,"Friday"
"505","10122011",35,2011,12,10,2011-12-10,"Saturday"
"506","10122012",68,2012,12,10,2012-12-10,"Monday"
"507","10122013",50,2013,12,10,2013-12-10,"Tuesday"
"508","11012010",2,2010,1,11,2010-01-11,"Monday"
"509","11012011",18,2011,1,11,2011-01-11,"Tuesday"
"510","11012012",67,2012,1,11,2012-01-11,"Wednesday"
"511","11012013",83,2013,1,11,2013-01-11,"Friday"
"512","11012014",46,2014,1,11,2014-01-11,"Saturday"
"513","11022011",39,2011,2,11,2011-02-11,"Friday"
"514","11022012",23,2012,2,11,2012-02-11,"Saturday"
"515","11022013",54,2013,2,11,2013-02-11,"Monday"
"516","11022014",46,2014,2,11,2014-02-11,"Tuesday"
"517","11032011",47,2011,3,11,2011-03-11,"Friday"
"518","11032012",70,2012,3,11,2012-03-11,"Sunday"
"519","11032013",82,2013,3,11,2013-03-11,"Monday"
"520","11032014",48,2014,3,11,2014-03-11,"Tuesday"
"521","11042011",60,2011,4,11,2011-04-11,"Monday"
"522","11042012",61,2012,4,11,2012-04-11,"Wednesday"
"523","11042013",109,2013,4,11,2013-04-11,"Thursday"
"524","11042014",53,2014,4,11,2014-04-11,"Friday"
"525","11052010",1,2010,5,11,2010-05-11,"Tuesday"
"526","11052011",37,2011,5,11,2011-05-11,"Wednesday"
"527","11052012",71,2012,5,11,2012-05-11,"Friday"
"528","11052013",48,2013,5,11,2013-05-11,"Saturday"
"529","11052014",2,2014,5,11,2014-05-11,"Sunday"
"530","11062010",8,2010,6,11,2010-06-11,"Friday"
"531","11062011",24,2011,6,11,2011-06-11,"Saturday"
"532","11062012",52,2012,6,11,2012-06-11,"Monday"
"533","11062013",69,2013,6,11,2013-06-11,"Tuesday"
"534","11072010",2,2010,7,11,2010-07-11,"Sunday"
"535","11072011",53,2011,7,11,2011-07-11,"Monday"
"536","11072012",63,2012,7,11,2012-07-11,"Wednesday"
"537","11072013",74,2013,7,11,2013-07-11,"Thursday"
"538","11082010",3,2010,8,11,2010-08-11,"Wednesday"
"539","11082011",43,2011,8,11,2011-08-11,"Thursday"
"540","11082012",53,2012,8,11,2012-08-11,"Saturday"
"541","11082013",64,2013,8,11,2013-08-11,"Sunday"
"542","11092010",2,2010,9,11,2010-09-11,"Saturday"
"543","11092011",33,2011,9,11,2011-09-11,"Sunday"
"544","11092012",85,2012,9,11,2012-09-11,"Tuesday"
"545","11092013",96,2013,9,11,2013-09-11,"Wednesday"
"546","11102010",10,2010,10,11,2010-10-11,"Monday"
"547","11102011",43,2011,10,11,2011-10-11,"Tuesday"
"548","11102012",54,2012,10,11,2012-10-11,"Thursday"
"549","11102013",62,2013,10,11,2013-10-11,"Friday"
"550","11112009",1,2009,11,11,2009-11-11,"Wednesday"
"551","11112010",14,2010,11,11,2010-11-11,"Thursday"
"552","11112011",39,2011,11,11,2011-11-11,"Friday"
"553","11112012",40,2012,11,11,2012-11-11,"Sunday"
"554","11112013",35,2013,11,11,2013-11-11,"Monday"
"555","11122009",1,2009,12,11,2009-12-11,"Friday"
"556","11122010",27,2010,12,11,2010-12-11,"Saturday"
"557","11122011",51,2011,12,11,2011-12-11,"Sunday"
"558","11122012",50,2012,12,11,2012-12-11,"Tuesday"
"559","11122013",49,2013,12,11,2013-12-11,"Wednesday"
"560","12012011",31,2011,1,12,2011-01-12,"Wednesday"
"561","12012012",44,2012,1,12,2012-01-12,"Thursday"
"562","12012013",66,2013,1,12,2013-01-12,"Saturday"
"563","12012014",49,2014,1,12,2014-01-12,"Sunday"
"564","12022011",23,2011,2,12,2011-02-12,"Saturday"
"565","12022012",31,2012,2,12,2012-02-12,"Sunday"
"566","12022013",85,2013,2,12,2013-02-12,"Tuesday"
"567","12022014",50,2014,2,12,2014-02-12,"Wednesday"
"568","12032011",28,2011,3,12,2011-03-12,"Saturday"
"569","12032012",52,2012,3,12,2012-03-12,"Monday"
"570","12032013",71,2013,3,12,2013-03-12,"Tuesday"
"571","12032014",29,2014,3,12,2014-03-12,"Wednesday"
"572","12042010",1,2010,4,12,2010-04-12,"Monday"
"573","12042011",37,2011,4,12,2011-04-12,"Tuesday"
"574","12042012",60,2012,4,12,2012-04-12,"Thursday"
"575","12042013",82,2013,4,12,2013-04-12,"Friday"
"576","12042014",50,2014,4,12,2014-04-12,"Saturday"
"577","12052010",3,2010,5,12,2010-05-12,"Wednesday"
"578","12052011",46,2011,5,12,2011-05-12,"Thursday"
"579","12052012",45,2012,5,12,2012-05-12,"Saturday"
"580","12052013",56,2013,5,12,2013-05-12,"Sunday"
"581","12062010",9,2010,6,12,2010-06-12,"Saturday"
"582","12062011",35,2011,6,12,2011-06-12,"Sunday"
"583","12062012",82,2012,6,12,2012-06-12,"Tuesday"
"584","12062013",76,2013,6,12,2013-06-12,"Wednesday"
"585","12072010",4,2010,7,12,2010-07-12,"Monday"
"586","12072011",39,2011,7,12,2011-07-12,"Tuesday"
"587","12072012",83,2012,7,12,2012-07-12,"Thursday"
"588","12072013",79,2013,7,12,2013-07-12,"Friday"
"589","12082010",6,2010,8,12,2010-08-12,"Thursday"
"590","12082011",41,2011,8,12,2011-08-12,"Friday"
"591","12082012",42,2012,8,12,2012-08-12,"Sunday"
"592","12082013",61,2013,8,12,2013-08-12,"Monday"
"593","12092010",1,2010,9,12,2010-09-12,"Sunday"
"594","12092011",52,2011,9,12,2011-09-12,"Monday"
"595","12092012",76,2012,9,12,2012-09-12,"Wednesday"
"596","12092013",83,2013,9,12,2013-09-12,"Thursday"
"597","12102010",4,2010,10,12,2010-10-12,"Tuesday"
"598","12102011",46,2011,10,12,2011-10-12,"Wednesday"
"599","12102012",53,2012,10,12,2012-10-12,"Friday"
"600","12102013",56,2013,10,12,2013-10-12,"Saturday"
"601","12112010",15,2010,11,12,2010-11-12,"Friday"
"602","12112011",57,2011,11,12,2011-11-12,"Saturday"
"603","12112012",52,2012,11,12,2012-11-12,"Monday"
"604","12112013",54,2013,11,12,2013-11-12,"Tuesday"
"605","12122010",14,2010,12,12,2010-12-12,"Sunday"
"606","12122011",61,2011,12,12,2011-12-12,"Monday"
"607","12122012",40,2012,12,12,2012-12-12,"Wednesday"
"608","12122013",45,2013,12,12,2013-12-12,"Thursday"
"609","13012011",20,2011,1,13,2011-01-13,"Thursday"
"610","13012012",39,2012,1,13,2012-01-13,"Friday"
"611","13012013",46,2013,1,13,2013-01-13,"Sunday"
"612","13012014",39,2014,1,13,2014-01-13,"Monday"
"613","13022011",21,2011,2,13,2011-02-13,"Sunday"
"614","13022012",47,2012,2,13,2012-02-13,"Monday"
"615","13022013",62,2013,2,13,2013-02-13,"Wednesday"
"616","13022014",70,2014,2,13,2014-02-13,"Thursday"
"617","13032011",35,2011,3,13,2011-03-13,"Sunday"
"618","13032012",71,2012,3,13,2012-03-13,"Tuesday"
"619","13032013",86,2013,3,13,2013-03-13,"Wednesday"
"620","13032014",37,2014,3,13,2014-03-13,"Thursday"
"621","13042011",40,2011,4,13,2011-04-13,"Wednesday"
"622","13042012",74,2012,4,13,2012-04-13,"Friday"
"623","13042013",62,2013,4,13,2013-04-13,"Saturday"
"624","13042014",37,2014,4,13,2014-04-13,"Sunday"
"625","13052010",3,2010,5,13,2010-05-13,"Thursday"
"626","13052011",35,2011,5,13,2011-05-13,"Friday"
"627","13052012",47,2012,5,13,2012-05-13,"Sunday"
"628","13052013",76,2013,5,13,2013-05-13,"Monday"
"629","13052014",1,2014,5,13,2014-05-13,"Tuesday"
"630","13062010",5,2010,6,13,2010-06-13,"Sunday"
"631","13062011",49,2011,6,13,2011-06-13,"Monday"
"632","13062012",60,2012,6,13,2012-06-13,"Wednesday"
"633","13062013",67,2013,6,13,2013-06-13,"Thursday"
"634","13072010",9,2010,7,13,2010-07-13,"Tuesday"
"635","13072011",35,2011,7,13,2011-07-13,"Wednesday"
"636","13072012",71,2012,7,13,2012-07-13,"Friday"
"637","13072013",87,2013,7,13,2013-07-13,"Saturday"
"638","13082010",15,2010,8,13,2010-08-13,"Friday"
"639","13082011",29,2011,8,13,2011-08-13,"Saturday"
"640","13082012",66,2012,8,13,2012-08-13,"Monday"
"641","13082013",89,2013,8,13,2013-08-13,"Tuesday"
"642","13092010",8,2010,9,13,2010-09-13,"Monday"
"643","13092011",75,2011,9,13,2011-09-13,"Tuesday"
"644","13092012",69,2012,9,13,2012-09-13,"Thursday"
"645","13092013",76,2013,9,13,2013-09-13,"Friday"
"646","13102010",13,2010,10,13,2010-10-13,"Wednesday"
"647","13102011",24,2011,10,13,2011-10-13,"Thursday"
"648","13102012",36,2012,10,13,2012-10-13,"Saturday"
"649","13102013",80,2013,10,13,2013-10-13,"Sunday"
"650","13112009",1,2009,11,13,2009-11-13,"Friday"
"651","13112010",2,2010,11,13,2010-11-13,"Saturday"
"652","13112011",34,2011,11,13,2011-11-13,"Sunday"
"653","13112012",49,2012,11,13,2012-11-13,"Tuesday"
"654","13112013",47,2013,11,13,2013-11-13,"Wednesday"
"655","13122010",19,2010,12,13,2010-12-13,"Monday"
"656","13122011",34,2011,12,13,2011-12-13,"Tuesday"
"657","13122012",56,2012,12,13,2012-12-13,"Thursday"
"658","13122013",46,2013,12,13,2013-12-13,"Friday"
"659","14012011",22,2011,1,14,2011-01-14,"Friday"
"660","14012012",43,2012,1,14,2012-01-14,"Saturday"
"661","14012013",66,2013,1,14,2013-01-14,"Monday"
"662","14012014",55,2014,1,14,2014-01-14,"Tuesday"
"663","14022011",26,2011,2,14,2011-02-14,"Monday"
"664","14022012",38,2012,2,14,2012-02-14,"Tuesday"
"665","14022013",78,2013,2,14,2013-02-14,"Thursday"
"666","14022014",50,2014,2,14,2014-02-14,"Friday"
"667","14032011",32,2011,3,14,2011-03-14,"Monday"
"668","14032012",86,2012,3,14,2012-03-14,"Wednesday"
"669","14032013",77,2013,3,14,2013-03-14,"Thursday"
"670","14032014",51,2014,3,14,2014-03-14,"Friday"
"671","14042010",1,2010,4,14,2010-04-14,"Wednesday"
"672","14042011",47,2011,4,14,2011-04-14,"Thursday"
"673","14042012",53,2012,4,14,2012-04-14,"Saturday"
"674","14042013",52,2013,4,14,2013-04-14,"Sunday"
"675","14042014",39,2014,4,14,2014-04-14,"Monday"
"676","14052010",3,2010,5,14,2010-05-14,"Friday"
"677","14052011",15,2011,5,14,2011-05-14,"Saturday"
"678","14052012",69,2012,5,14,2012-05-14,"Monday"
"679","14052013",74,2013,5,14,2013-05-14,"Tuesday"
"680","14052014",4,2014,5,14,2014-05-14,"Wednesday"
"681","14062010",2,2010,6,14,2010-06-14,"Monday"
"682","14062011",45,2011,6,14,2011-06-14,"Tuesday"
"683","14062012",56,2012,6,14,2012-06-14,"Thursday"
"684","14062013",59,2013,6,14,2013-06-14,"Friday"
"685","14072010",5,2010,7,14,2010-07-14,"Wednesday"
"686","14072011",35,2011,7,14,2011-07-14,"Thursday"
"687","14072012",50,2012,7,14,2012-07-14,"Saturday"
"688","14072013",80,2013,7,14,2013-07-14,"Sunday"
"689","14082010",17,2010,8,14,2010-08-14,"Saturday"
"690","14082011",50,2011,8,14,2011-08-14,"Sunday"
"691","14082012",55,2012,8,14,2012-08-14,"Tuesday"
"692","14082013",77,2013,8,14,2013-08-14,"Wednesday"
"693","14092009",1,2009,9,14,2009-09-14,"Monday"
"694","14092010",5,2010,9,14,2010-09-14,"Tuesday"
"695","14092011",35,2011,9,14,2011-09-14,"Wednesday"
"696","14092012",48,2012,9,14,2012-09-14,"Friday"
"697","14092013",94,2013,9,14,2013-09-14,"Saturday"
"698","14102010",8,2010,10,14,2010-10-14,"Thursday"
"699","14102011",38,2011,10,14,2011-10-14,"Friday"
"700","14102012",27,2012,10,14,2012-10-14,"Sunday"
"701","14102013",59,2013,10,14,2013-10-14,"Monday"
"702","14112010",1,2010,11,14,2010-11-14,"Sunday"
"703","14112011",47,2011,11,14,2011-11-14,"Monday"
"704","14112012",34,2012,11,14,2012-11-14,"Wednesday"
"705","14112013",56,2013,11,14,2013-11-14,"Thursday"
"706","14122009",1,2009,12,14,2009-12-14,"Monday"
"707","14122010",16,2010,12,14,2010-12-14,"Tuesday"
"708","14122011",51,2011,12,14,2011-12-14,"Wednesday"
"709","14122012",69,2012,12,14,2012-12-14,"Friday"
"710","14122013",42,2013,12,14,2013-12-14,"Saturday"
"711","15012011",21,2011,1,15,2011-01-15,"Saturday"
"712","15012012",25,2012,1,15,2012-01-15,"Sunday"
"713","15012013",68,2013,1,15,2013-01-15,"Tuesday"
"714","15012014",42,2014,1,15,2014-01-15,"Wednesday"
"715","15022011",40,2011,2,15,2011-02-15,"Tuesday"
"716","15022012",29,2012,2,15,2012-02-15,"Wednesday"
"717","15022013",76,2013,2,15,2013-02-15,"Friday"
"718","15022014",40,2014,2,15,2014-02-15,"Saturday"
"719","15032011",43,2011,3,15,2011-03-15,"Tuesday"
"720","15032012",68,2012,3,15,2012-03-15,"Thursday"
"721","15032013",74,2013,3,15,2013-03-15,"Friday"
"722","15032014",55,2014,3,15,2014-03-15,"Saturday"
"723","15042010",2,2010,4,15,2010-04-15,"Thursday"
"724","15042011",38,2011,4,15,2011-04-15,"Friday"
"725","15042012",47,2012,4,15,2012-04-15,"Sunday"
"726","15042013",65,2013,4,15,2013-04-15,"Monday"
"727","15042014",47,2014,4,15,2014-04-15,"Tuesday"
"728","15052010",1,2010,5,15,2010-05-15,"Saturday"
"729","15052011",26,2011,5,15,2011-05-15,"Sunday"
"730","15052012",78,2012,5,15,2012-05-15,"Tuesday"
"731","15052013",51,2013,5,15,2013-05-15,"Wednesday"
"732","15052014",1,2014,5,15,2014-05-15,"Thursday"
"733","15062010",6,2010,6,15,2010-06-15,"Tuesday"
"734","15062011",44,2011,6,15,2011-06-15,"Wednesday"
"735","15062012",51,2012,6,15,2012-06-15,"Friday"
"736","15062013",59,2013,6,15,2013-06-15,"Saturday"
"737","15072010",8,2010,7,15,2010-07-15,"Thursday"
"738","15072011",41,2011,7,15,2011-07-15,"Friday"
"739","15072012",55,2012,7,15,2012-07-15,"Sunday"
"740","15072013",88,2013,7,15,2013-07-15,"Monday"
"741","15082010",10,2010,8,15,2010-08-15,"Sunday"
"742","15082011",47,2011,8,15,2011-08-15,"Monday"
"743","15082012",103,2012,8,15,2012-08-15,"Wednesday"
"744","15082013",83,2013,8,15,2013-08-15,"Thursday"
"745","15092010",13,2010,9,15,2010-09-15,"Wednesday"
"746","15092011",43,2011,9,15,2011-09-15,"Thursday"
"747","15092012",75,2012,9,15,2012-09-15,"Saturday"
"748","15092013",59,2013,9,15,2013-09-15,"Sunday"
"749","15102009",1,2009,10,15,2009-10-15,"Thursday"
"750","15102010",8,2010,10,15,2010-10-15,"Friday"
"751","15102011",30,2011,10,15,2011-10-15,"Saturday"
"752","15102012",35,2012,10,15,2012-10-15,"Monday"
"753","15102013",40,2013,10,15,2013-10-15,"Tuesday"
"754","15112010",8,2010,11,15,2010-11-15,"Monday"
"755","15112011",39,2011,11,15,2011-11-15,"Tuesday"
"756","15112012",72,2012,11,15,2012-11-15,"Thursday"
"757","15112013",45,2013,11,15,2013-11-15,"Friday"
"758","15122010",33,2010,12,15,2010-12-15,"Wednesday"
"759","15122011",55,2011,12,15,2011-12-15,"Thursday"
"760","15122012",65,2012,12,15,2012-12-15,"Saturday"
"761","15122013",44,2013,12,15,2013-12-15,"Sunday"
"762","16012011",27,2011,1,16,2011-01-16,"Sunday"
"763","16012012",29,2012,1,16,2012-01-16,"Monday"
"764","16012013",69,2013,1,16,2013-01-16,"Wednesday"
"765","16012014",39,2014,1,16,2014-01-16,"Thursday"
"766","16022010",2,2010,2,16,2010-02-16,"Tuesday"
"767","16022011",50,2011,2,16,2011-02-16,"Wednesday"
"768","16022012",56,2012,2,16,2012-02-16,"Thursday"
"769","16022013",66,2013,2,16,2013-02-16,"Saturday"
"770","16022014",45,2014,2,16,2014-02-16,"Sunday"
"771","16032010",1,2010,3,16,2010-03-16,"Tuesday"
"772","16032011",47,2011,3,16,2011-03-16,"Wednesday"
"773","16032012",60,2012,3,16,2012-03-16,"Friday"
"774","16032013",54,2013,3,16,2013-03-16,"Saturday"
"775","16032014",46,2014,3,16,2014-03-16,"Sunday"
"776","16042011",23,2011,4,16,2011-04-16,"Saturday"
"777","16042012",59,2012,4,16,2012-04-16,"Monday"
"778","16042013",68,2013,4,16,2013-04-16,"Tuesday"
"779","16042014",60,2014,4,16,2014-04-16,"Wednesday"
"780","16052011",51,2011,5,16,2011-05-16,"Monday"
"781","16052012",77,2012,5,16,2012-05-16,"Wednesday"
"782","16052013",74,2013,5,16,2013-05-16,"Thursday"
"783","16062010",1,2010,6,16,2010-06-16,"Wednesday"
"784","16062011",40,2011,6,16,2011-06-16,"Thursday"
"785","16062012",63,2012,6,16,2012-06-16,"Saturday"
"786","16062013",62,2013,6,16,2013-06-16,"Sunday"
"787","16072010",6,2010,7,16,2010-07-16,"Friday"
"788","16072011",41,2011,7,16,2011-07-16,"Saturday"
"789","16072012",91,2012,7,16,2012-07-16,"Monday"
"790","16072013",64,2013,7,16,2013-07-16,"Tuesday"
"791","16082010",9,2010,8,16,2010-08-16,"Monday"
"792","16082011",71,2011,8,16,2011-08-16,"Tuesday"
"793","16082012",42,2012,8,16,2012-08-16,"Thursday"
"794","16082013",74,2013,8,16,2013-08-16,"Friday"
"795","16092010",6,2010,9,16,2010-09-16,"Thursday"
"796","16092011",41,2011,9,16,2011-09-16,"Friday"
"797","16092012",59,2012,9,16,2012-09-16,"Sunday"
"798","16092013",69,2013,9,16,2013-09-16,"Monday"
"799","16102011",33,2011,10,16,2011-10-16,"Sunday"
"800","16102012",61,2012,10,16,2012-10-16,"Tuesday"
"801","16102013",61,2013,10,16,2013-10-16,"Wednesday"
"802","16112010",11,2010,11,16,2010-11-16,"Tuesday"
"803","16112011",50,2011,11,16,2011-11-16,"Wednesday"
"804","16112012",49,2012,11,16,2012-11-16,"Friday"
"805","16112013",59,2013,11,16,2013-11-16,"Saturday"
"806","16122009",1,2009,12,16,2009-12-16,"Wednesday"
"807","16122010",24,2010,12,16,2010-12-16,"Thursday"
"808","16122011",42,2011,12,16,2011-12-16,"Friday"
"809","16122012",40,2012,12,16,2012-12-16,"Sunday"
"810","16122013",32,2013,12,16,2013-12-16,"Monday"
"811","17012011",13,2011,1,17,2011-01-17,"Monday"
"812","17012012",32,2012,1,17,2012-01-17,"Tuesday"
"813","17012013",59,2013,1,17,2013-01-17,"Thursday"
"814","17012014",53,2014,1,17,2014-01-17,"Friday"
"815","17022011",27,2011,2,17,2011-02-17,"Thursday"
"816","17022012",34,2012,2,17,2012-02-17,"Friday"
"817","17022013",47,2013,2,17,2013-02-17,"Sunday"
"818","17022014",43,2014,2,17,2014-02-17,"Monday"
"819","17032010",1,2010,3,17,2010-03-17,"Wednesday"
"820","17032011",35,2011,3,17,2011-03-17,"Thursday"
"821","17032012",49,2012,3,17,2012-03-17,"Saturday"
"822","17032013",79,2013,3,17,2013-03-17,"Sunday"
"823","17032014",46,2014,3,17,2014-03-17,"Monday"
"824","17042011",26,2011,4,17,2011-04-17,"Sunday"
"825","17042012",60,2012,4,17,2012-04-17,"Tuesday"
"826","17042013",67,2013,4,17,2013-04-17,"Wednesday"
"827","17042014",15,2014,4,17,2014-04-17,"Thursday"
"828","17052010",2,2010,5,17,2010-05-17,"Monday"
"829","17052011",45,2011,5,17,2011-05-17,"Tuesday"
"830","17052012",80,2012,5,17,2012-05-17,"Thursday"
"831","17052013",57,2013,5,17,2013-05-17,"Friday"
"832","17052014",1,2014,5,17,2014-05-17,"Saturday"
"833","17062010",16,2010,6,17,2010-06-17,"Thursday"
"834","17062011",42,2011,6,17,2011-06-17,"Friday"
"835","17062012",56,2012,6,17,2012-06-17,"Sunday"
"836","17062013",97,2013,6,17,2013-06-17,"Monday"
"837","17072010",5,2010,7,17,2010-07-17,"Saturday"
"838","17072011",21,2011,7,17,2011-07-17,"Sunday"
"839","17072012",51,2012,7,17,2012-07-17,"Tuesday"
"840","17072013",63,2013,7,17,2013-07-17,"Wednesday"
"841","17082010",7,2010,8,17,2010-08-17,"Tuesday"
"842","17082011",50,2011,8,17,2011-08-17,"Wednesday"
"843","17082012",50,2012,8,17,2012-08-17,"Friday"
"844","17082013",72,2013,8,17,2013-08-17,"Saturday"
"845","17092010",9,2010,9,17,2010-09-17,"Friday"
"846","17092011",38,2011,9,17,2011-09-17,"Saturday"
"847","17092012",76,2012,9,17,2012-09-17,"Monday"
"848","17092013",93,2013,9,17,2013-09-17,"Tuesday"
"849","17102010",1,2010,10,17,2010-10-17,"Sunday"
"850","17102011",40,2011,10,17,2011-10-17,"Monday"
"851","17102012",62,2012,10,17,2012-10-17,"Wednesday"
"852","17102013",81,2013,10,17,2013-10-17,"Thursday"
"853","17112010",13,2010,11,17,2010-11-17,"Wednesday"
"854","17112011",39,2011,11,17,2011-11-17,"Thursday"
"855","17112012",38,2012,11,17,2012-11-17,"Saturday"
"856","17112013",40,2013,11,17,2013-11-17,"Sunday"
"857","17122009",1,2009,12,17,2009-12-17,"Thursday"
"858","17122010",30,2010,12,17,2010-12-17,"Friday"
"859","17122011",32,2011,12,17,2011-12-17,"Saturday"
"860","17122012",70,2012,12,17,2012-12-17,"Monday"
"861","17122013",36,2013,12,17,2013-12-17,"Tuesday"
"862","18012011",23,2011,1,18,2011-01-18,"Tuesday"
"863","18012012",49,2012,1,18,2012-01-18,"Wednesday"
"864","18012013",66,2013,1,18,2013-01-18,"Friday"
"865","18012014",34,2014,1,18,2014-01-18,"Saturday"
"866","18022011",47,2011,2,18,2011-02-18,"Friday"
"867","18022012",45,2012,2,18,2012-02-18,"Saturday"
"868","18022013",64,2013,2,18,2013-02-18,"Monday"
"869","18022014",46,2014,2,18,2014-02-18,"Tuesday"
"870","18032010",1,2010,3,18,2010-03-18,"Thursday"
"871","18032011",39,2011,3,18,2011-03-18,"Friday"
"872","18032012",62,2012,3,18,2012-03-18,"Sunday"
"873","18032013",68,2013,3,18,2013-03-18,"Monday"
"874","18032014",57,2014,3,18,2014-03-18,"Tuesday"
"875","18042011",49,2011,4,18,2011-04-18,"Monday"
"876","18042012",76,2012,4,18,2012-04-18,"Wednesday"
"877","18042013",47,2013,4,18,2013-04-18,"Thursday"
"878","18042014",13,2014,4,18,2014-04-18,"Friday"
"879","18052010",3,2010,5,18,2010-05-18,"Tuesday"
"880","18052011",45,2011,5,18,2011-05-18,"Wednesday"
"881","18052012",57,2012,5,18,2012-05-18,"Friday"
"882","18052013",79,2013,5,18,2013-05-18,"Saturday"
"883","18052014",1,2014,5,18,2014-05-18,"Sunday"
"884","18062011",54,2011,6,18,2011-06-18,"Saturday"
"885","18062012",84,2012,6,18,2012-06-18,"Monday"
"886","18062013",79,2013,6,18,2013-06-18,"Tuesday"
"887","18072010",5,2010,7,18,2010-07-18,"Sunday"
"888","18072011",37,2011,7,18,2011-07-18,"Monday"
"889","18072012",64,2012,7,18,2012-07-18,"Wednesday"
"890","18072013",87,2013,7,18,2013-07-18,"Thursday"
"891","18082010",7,2010,8,18,2010-08-18,"Wednesday"
"892","18082011",45,2011,8,18,2011-08-18,"Thursday"
"893","18082012",62,2012,8,18,2012-08-18,"Saturday"
"894","18082013",51,2013,8,18,2013-08-18,"Sunday"
"895","18092010",5,2010,9,18,2010-09-18,"Saturday"
"896","18092011",48,2011,9,18,2011-09-18,"Sunday"
"897","18092012",60,2012,9,18,2012-09-18,"Tuesday"
"898","18092013",91,2013,9,18,2013-09-18,"Wednesday"
"899","18102010",13,2010,10,18,2010-10-18,"Monday"
"900","18102011",48,2011,10,18,2011-10-18,"Tuesday"
"901","18102012",70,2012,10,18,2012-10-18,"Thursday"
"902","18102013",68,2013,10,18,2013-10-18,"Friday"
"903","18112009",1,2009,11,18,2009-11-18,"Wednesday"
"904","18112010",22,2010,11,18,2010-11-18,"Thursday"
"905","18112011",35,2011,11,18,2011-11-18,"Friday"
"906","18112012",40,2012,11,18,2012-11-18,"Sunday"
"907","18112013",51,2013,11,18,2013-11-18,"Monday"
"908","18122010",17,2010,12,18,2010-12-18,"Saturday"
"909","18122011",52,2011,12,18,2011-12-18,"Sunday"
"910","18122012",72,2012,12,18,2012-12-18,"Tuesday"
"911","18122013",46,2013,12,18,2013-12-18,"Wednesday"
"912","19012011",39,2011,1,19,2011-01-19,"Wednesday"
"913","19012012",60,2012,1,19,2012-01-19,"Thursday"
"914","19012013",56,2013,1,19,2013-01-19,"Saturday"
"915","19012014",52,2014,1,19,2014-01-19,"Sunday"
"916","19022011",19,2011,2,19,2011-02-19,"Saturday"
"917","19022012",41,2012,2,19,2012-02-19,"Sunday"
"918","19022013",63,2013,2,19,2013-02-19,"Tuesday"
"919","19022014",65,2014,2,19,2014-02-19,"Wednesday"
"920","19032011",30,2011,3,19,2011-03-19,"Saturday"
"921","19032012",70,2012,3,19,2012-03-19,"Monday"
"922","19032013",72,2013,3,19,2013-03-19,"Tuesday"
"923","19032014",43,2014,3,19,2014-03-19,"Wednesday"
"924","19042010",2,2010,4,19,2010-04-19,"Monday"
"925","19042011",32,2011,4,19,2011-04-19,"Tuesday"
"926","19042012",49,2012,4,19,2012-04-19,"Thursday"
"927","19042013",74,2013,4,19,2013-04-19,"Friday"
"928","19042014",4,2014,4,19,2014-04-19,"Saturday"
"929","19052010",2,2010,5,19,2010-05-19,"Wednesday"
"930","19052011",37,2011,5,19,2011-05-19,"Thursday"
"931","19052012",49,2012,5,19,2012-05-19,"Saturday"
"932","19052013",78,2013,5,19,2013-05-19,"Sunday"
"933","19062009",1,2009,6,19,2009-06-19,"Friday"
"934","19062010",6,2010,6,19,2010-06-19,"Saturday"
"935","19062011",44,2011,6,19,2011-06-19,"Sunday"
"936","19062012",82,2012,6,19,2012-06-19,"Tuesday"
"937","19062013",91,2013,6,19,2013-06-19,"Wednesday"
"938","19072010",3,2010,7,19,2010-07-19,"Monday"
"939","19072011",55,2011,7,19,2011-07-19,"Tuesday"
"940","19072012",59,2012,7,19,2012-07-19,"Thursday"
"941","19072013",68,2013,7,19,2013-07-19,"Friday"
"942","19082010",5,2010,8,19,2010-08-19,"Thursday"
"943","19082011",39,2011,8,19,2011-08-19,"Friday"
"944","19082012",58,2012,8,19,2012-08-19,"Sunday"
"945","19082013",59,2013,8,19,2013-08-19,"Monday"
"946","19092010",4,2010,9,19,2010-09-19,"Sunday"
"947","19092011",43,2011,9,19,2011-09-19,"Monday"
"948","19092012",83,2012,9,19,2012-09-19,"Wednesday"
"949","19092013",49,2013,9,19,2013-09-19,"Thursday"
"950","19102009",1,2009,10,19,2009-10-19,"Monday"
"951","19102010",9,2010,10,19,2010-10-19,"Tuesday"
"952","19102011",36,2011,10,19,2011-10-19,"Wednesday"
"953","19102012",50,2012,10,19,2012-10-19,"Friday"
"954","19102013",64,2013,10,19,2013-10-19,"Saturday"
"955","19112010",15,2010,11,19,2010-11-19,"Friday"
"956","19112011",43,2011,11,19,2011-11-19,"Saturday"
"957","19112012",54,2012,11,19,2012-11-19,"Monday"
"958","19112013",64,2013,11,19,2013-11-19,"Tuesday"
"959","19122010",12,2010,12,19,2010-12-19,"Sunday"
"960","19122011",58,2011,12,19,2011-12-19,"Monday"
"961","19122012",70,2012,12,19,2012-12-19,"Wednesday"
"962","19122013",50,2013,12,19,2013-12-19,"Thursday"
"963","20012011",33,2011,1,20,2011-01-20,"Thursday"
"964","20012012",27,2012,1,20,2012-01-20,"Friday"
"965","20012013",24,2013,1,20,2013-01-20,"Sunday"
"966","20012014",41,2014,1,20,2014-01-20,"Monday"
"967","20022011",20,2011,2,20,2011-02-20,"Sunday"
"968","20022012",37,2012,2,20,2012-02-20,"Monday"
"969","20022013",89,2013,2,20,2013-02-20,"Wednesday"
"970","20022014",23,2014,2,20,2014-02-20,"Thursday"
"971","20032011",17,2011,3,20,2011-03-20,"Sunday"
"972","20032012",72,2012,3,20,2012-03-20,"Tuesday"
"973","20032013",68,2013,3,20,2013-03-20,"Wednesday"
"974","20032014",72,2014,3,20,2014-03-20,"Thursday"
"975","20042011",30,2011,4,20,2011-04-20,"Wednesday"
"976","20042012",70,2012,4,20,2012-04-20,"Friday"
"977","20042013",68,2013,4,20,2013-04-20,"Saturday"
"978","20042014",7,2014,4,20,2014-04-20,"Sunday"
"979","20052010",2,2010,5,20,2010-05-20,"Thursday"
"980","20052011",51,2011,5,20,2011-05-20,"Friday"
"981","20052012",56,2012,5,20,2012-05-20,"Sunday"
"982","20052013",73,2013,5,20,2013-05-20,"Monday"
"983","20062010",7,2010,6,20,2010-06-20,"Sunday"
"984","20062011",32,2011,6,20,2011-06-20,"Monday"
"985","20062012",71,2012,6,20,2012-06-20,"Wednesday"
"986","20062013",81,2013,6,20,2013-06-20,"Thursday"
"987","20072010",7,2010,7,20,2010-07-20,"Tuesday"
"988","20072011",36,2011,7,20,2011-07-20,"Wednesday"
"989","20072012",67,2012,7,20,2012-07-20,"Friday"
"990","20072013",87,2013,7,20,2013-07-20,"Saturday"
"991","20082010",10,2010,8,20,2010-08-20,"Friday"
"992","20082011",62,2011,8,20,2011-08-20,"Saturday"
"993","20082012",81,2012,8,20,2012-08-20,"Monday"
"994","20082013",77,2013,8,20,2013-08-20,"Tuesday"
"995","20092010",11,2010,9,20,2010-09-20,"Monday"
"996","20092011",52,2011,9,20,2011-09-20,"Tuesday"
"997","20092012",89,2012,9,20,2012-09-20,"Thursday"
"998","20092013",89,2013,9,20,2013-09-20,"Friday"
"999","20102009",1,2009,10,20,2009-10-20,"Tuesday"
"1000","20102010",9,2010,10,20,2010-10-20,"Wednesday"
"1001","20102011",36,2011,10,20,2011-10-20,"Thursday"
"1002","20102012",57,2012,10,20,2012-10-20,"Saturday"
"1003","20102013",68,2013,10,20,2013-10-20,"Sunday"
"1004","20112009",1,2009,11,20,2009-11-20,"Friday"
"1005","20112010",7,2010,11,20,2010-11-20,"Saturday"
"1006","20112011",34,2011,11,20,2011-11-20,"Sunday"
"1007","20112012",60,2012,11,20,2012-11-20,"Tuesday"
"1008","20112013",66,2013,11,20,2013-11-20,"Wednesday"
"1009","20122010",32,2010,12,20,2010-12-20,"Monday"
"1010","20122011",59,2011,12,20,2011-12-20,"Tuesday"
"1011","20122012",41,2012,12,20,2012-12-20,"Thursday"
"1012","20122013",37,2013,12,20,2013-12-20,"Friday"
"1013","21012010",1,2010,1,21,2010-01-21,"Thursday"
"1014","21012011",19,2011,1,21,2011-01-21,"Friday"
"1015","21012012",28,2012,1,21,2012-01-21,"Saturday"
"1016","21012013",44,2013,1,21,2013-01-21,"Monday"
"1017","21012014",42,2014,1,21,2014-01-21,"Tuesday"
"1018","21022011",21,2011,2,21,2011-02-21,"Monday"
"1019","21022012",41,2012,2,21,2012-02-21,"Tuesday"
"1020","21022013",74,2013,2,21,2013-02-21,"Thursday"
"1021","21022014",43,2014,2,21,2014-02-21,"Friday"
"1022","21032011",46,2011,3,21,2011-03-21,"Monday"
"1023","21032012",69,2012,3,21,2012-03-21,"Wednesday"
"1024","21032013",55,2013,3,21,2013-03-21,"Thursday"
"1025","21032014",82,2014,3,21,2014-03-21,"Friday"
"1026","21042010",2,2010,4,21,2010-04-21,"Wednesday"
"1027","21042011",31,2011,4,21,2011-04-21,"Thursday"
"1028","21042012",49,2012,4,21,2012-04-21,"Saturday"
"1029","21042013",76,2013,4,21,2013-04-21,"Sunday"
"1030","21042014",6,2014,4,21,2014-04-21,"Monday"
"1031","21052010",6,2010,5,21,2010-05-21,"Friday"
"1032","21052011",29,2011,5,21,2011-05-21,"Saturday"
"1033","21052012",56,2012,5,21,2012-05-21,"Monday"
"1034","21052013",79,2013,5,21,2013-05-21,"Tuesday"
"1035","21062010",1,2010,6,21,2010-06-21,"Monday"
"1036","21062011",36,2011,6,21,2011-06-21,"Tuesday"
"1037","21062012",80,2012,6,21,2012-06-21,"Thursday"
"1038","21062013",59,2013,6,21,2013-06-21,"Friday"
"1039","21072010",6,2010,7,21,2010-07-21,"Wednesday"
"1040","21072011",53,2011,7,21,2011-07-21,"Thursday"
"1041","21072012",54,2012,7,21,2012-07-21,"Saturday"
"1042","21072013",72,2013,7,21,2013-07-21,"Sunday"
"1043","21082010",2,2010,8,21,2010-08-21,"Saturday"
"1044","21082011",37,2011,8,21,2011-08-21,"Sunday"
"1045","21082012",50,2012,8,21,2012-08-21,"Tuesday"
"1046","21082013",77,2013,8,21,2013-08-21,"Wednesday"
"1047","21092010",4,2010,9,21,2010-09-21,"Tuesday"
"1048","21092011",45,2011,9,21,2011-09-21,"Wednesday"
"1049","21092012",65,2012,9,21,2012-09-21,"Friday"
"1050","21092013",89,2013,9,21,2013-09-21,"Saturday"
"1051","21102010",10,2010,10,21,2010-10-21,"Thursday"
"1052","21102011",38,2011,10,21,2011-10-21,"Friday"
"1053","21102012",63,2012,10,21,2012-10-21,"Sunday"
"1054","21102013",60,2013,10,21,2013-10-21,"Monday"
"1055","21112010",6,2010,11,21,2010-11-21,"Sunday"
"1056","21112011",48,2011,11,21,2011-11-21,"Monday"
"1057","21112012",53,2012,11,21,2012-11-21,"Wednesday"
"1058","21112013",53,2013,11,21,2013-11-21,"Thursday"
"1059","21122010",16,2010,12,21,2010-12-21,"Tuesday"
"1060","21122011",59,2011,12,21,2011-12-21,"Wednesday"
"1061","21122012",41,2012,12,21,2012-12-21,"Friday"
"1062","21122013",37,2013,12,21,2013-12-21,"Saturday"
"1063","22012011",30,2011,1,22,2011-01-22,"Saturday"
"1064","22012012",18,2012,1,22,2012-01-22,"Sunday"
"1065","22012013",58,2013,1,22,2013-01-22,"Tuesday"
"1066","22012014",57,2014,1,22,2014-01-22,"Wednesday"
"1067","22022011",34,2011,2,22,2011-02-22,"Tuesday"
"1068","22022012",49,2012,2,22,2012-02-22,"Wednesday"
"1069","22022013",57,2013,2,22,2013-02-22,"Friday"
"1070","22022014",33,2014,2,22,2014-02-22,"Saturday"
"1071","22032011",31,2011,3,22,2011-03-22,"Tuesday"
"1072","22032012",80,2012,3,22,2012-03-22,"Thursday"
"1073","22032013",82,2013,3,22,2013-03-22,"Friday"
"1074","22032014",65,2014,3,22,2014-03-22,"Saturday"
"1075","22042010",3,2010,4,22,2010-04-22,"Thursday"
"1076","22042011",31,2011,4,22,2011-04-22,"Friday"
"1077","22042012",56,2012,4,22,2012-04-22,"Sunday"
"1078","22042013",111,2013,4,22,2013-04-22,"Monday"
"1079","22042014",6,2014,4,22,2014-04-22,"Tuesday"
"1080","22052010",2,2010,5,22,2010-05-22,"Saturday"
"1081","22052011",28,2011,5,22,2011-05-22,"Sunday"
"1082","22052012",72,2012,5,22,2012-05-22,"Tuesday"
"1083","22052013",76,2013,5,22,2013-05-22,"Wednesday"
"1084","22062010",8,2010,6,22,2010-06-22,"Tuesday"
"1085","22062011",40,2011,6,22,2011-06-22,"Wednesday"
"1086","22062012",77,2012,6,22,2012-06-22,"Friday"
"1087","22062013",54,2013,6,22,2013-06-22,"Saturday"
"1088","22072010",4,2010,7,22,2010-07-22,"Thursday"
"1089","22072011",33,2011,7,22,2011-07-22,"Friday"
"1090","22072012",75,2012,7,22,2012-07-22,"Sunday"
"1091","22072013",55,2013,7,22,2013-07-22,"Monday"
"1092","22082010",3,2010,8,22,2010-08-22,"Sunday"
"1093","22082011",31,2011,8,22,2011-08-22,"Monday"
"1094","22082012",71,2012,8,22,2012-08-22,"Wednesday"
"1095","22082013",74,2013,8,22,2013-08-22,"Thursday"
"1096","22092010",13,2010,9,22,2010-09-22,"Wednesday"
"1097","22092011",60,2011,9,22,2011-09-22,"Thursday"
"1098","22092012",54,2012,9,22,2012-09-22,"Saturday"
"1099","22092013",78,2013,9,22,2013-09-22,"Sunday"
"1100","22102010",10,2010,10,22,2010-10-22,"Friday"
"1101","22102011",41,2011,10,22,2011-10-22,"Saturday"
"1102","22102012",64,2012,10,22,2012-10-22,"Monday"
"1103","22102013",86,2013,10,22,2013-10-22,"Tuesday"
"1104","22112010",16,2010,11,22,2010-11-22,"Monday"
"1105","22112011",42,2011,11,22,2011-11-22,"Tuesday"
"1106","22112012",46,2012,11,22,2012-11-22,"Thursday"
"1107","22112013",43,2013,11,22,2013-11-22,"Friday"
"1108","22122010",28,2010,12,22,2010-12-22,"Wednesday"
"1109","22122011",43,2011,12,22,2011-12-22,"Thursday"
"1110","22122012",30,2012,12,22,2012-12-22,"Saturday"
"1111","22122013",34,2013,12,22,2013-12-22,"Sunday"
"1112","23012011",17,2011,1,23,2011-01-23,"Sunday"
"1113","23012012",48,2012,1,23,2012-01-23,"Monday"
"1114","23012013",36,2013,1,23,2013-01-23,"Wednesday"
"1115","23012014",38,2014,1,23,2014-01-23,"Thursday"
"1116","23022011",23,2011,2,23,2011-02-23,"Wednesday"
"1117","23022012",52,2012,2,23,2012-02-23,"Thursday"
"1118","23022013",61,2013,2,23,2013-02-23,"Saturday"
"1119","23022014",41,2014,2,23,2014-02-23,"Sunday"
"1120","23032010",2,2010,3,23,2010-03-23,"Tuesday"
"1121","23032011",32,2011,3,23,2011-03-23,"Wednesday"
"1122","23032012",36,2012,3,23,2012-03-23,"Friday"
"1123","23032013",51,2013,3,23,2013-03-23,"Saturday"
"1124","23032014",45,2014,3,23,2014-03-23,"Sunday"
"1125","23042010",1,2010,4,23,2010-04-23,"Friday"
"1126","23042011",52,2011,4,23,2011-04-23,"Saturday"
"1127","23042012",54,2012,4,23,2012-04-23,"Monday"
"1128","23042013",61,2013,4,23,2013-04-23,"Tuesday"
"1129","23042014",6,2014,4,23,2014-04-23,"Wednesday"
"1130","23052010",5,2010,5,23,2010-05-23,"Sunday"
"1131","23052011",54,2011,5,23,2011-05-23,"Monday"
"1132","23052012",68,2012,5,23,2012-05-23,"Wednesday"
"1133","23052013",49,2013,5,23,2013-05-23,"Thursday"
"1134","23062010",7,2010,6,23,2010-06-23,"Wednesday"
"1135","23062011",65,2011,6,23,2011-06-23,"Thursday"
"1136","23062012",58,2012,6,23,2012-06-23,"Saturday"
"1137","23062013",83,2013,6,23,2013-06-23,"Sunday"
"1138","23072011",49,2011,7,23,2011-07-23,"Saturday"
"1139","23072012",77,2012,7,23,2012-07-23,"Monday"
"1140","23072013",64,2013,7,23,2013-07-23,"Tuesday"
"1141","23082010",9,2010,8,23,2010-08-23,"Monday"
"1142","23082011",51,2011,8,23,2011-08-23,"Tuesday"
"1143","23082012",74,2012,8,23,2012-08-23,"Thursday"
"1144","23082013",86,2013,8,23,2013-08-23,"Friday"
"1145","23092009",1,2009,9,23,2009-09-23,"Wednesday"
"1146","23092010",6,2010,9,23,2010-09-23,"Thursday"
"1147","23092011",38,2011,9,23,2011-09-23,"Friday"
"1148","23092012",52,2012,9,23,2012-09-23,"Sunday"
"1149","23092013",83,2013,9,23,2013-09-23,"Monday"
"1150","23102010",4,2010,10,23,2010-10-23,"Saturday"
"1151","23102011",28,2011,10,23,2011-10-23,"Sunday"
"1152","23102012",65,2012,10,23,2012-10-23,"Tuesday"
"1153","23102013",64,2013,10,23,2013-10-23,"Wednesday"
"1154","23112010",10,2010,11,23,2010-11-23,"Tuesday"
"1155","23112011",52,2011,11,23,2011-11-23,"Wednesday"
"1156","23112012",35,2012,11,23,2012-11-23,"Friday"
"1157","23112013",55,2013,11,23,2013-11-23,"Saturday"
"1158","23122010",25,2010,12,23,2010-12-23,"Thursday"
"1159","23122011",32,2011,12,23,2011-12-23,"Friday"
"1160","23122012",34,2012,12,23,2012-12-23,"Sunday"
"1161","23122013",31,2013,12,23,2013-12-23,"Monday"
"1162","24012011",27,2011,1,24,2011-01-24,"Monday"
"1163","24012012",57,2012,1,24,2012-01-24,"Tuesday"
"1164","24012013",48,2013,1,24,2013-01-24,"Thursday"
"1165","24012014",27,2014,1,24,2014-01-24,"Friday"
"1166","24022011",39,2011,2,24,2011-02-24,"Thursday"
"1167","24022012",35,2012,2,24,2012-02-24,"Friday"
"1168","24022013",72,2013,2,24,2013-02-24,"Sunday"
"1169","24022014",44,2014,2,24,2014-02-24,"Monday"
"1170","24032010",2,2010,3,24,2010-03-24,"Wednesday"
"1171","24032011",30,2011,3,24,2011-03-24,"Thursday"
"1172","24032012",42,2012,3,24,2012-03-24,"Saturday"
"1173","24032013",41,2013,3,24,2013-03-24,"Sunday"
"1174","24032014",52,2014,3,24,2014-03-24,"Monday"
"1175","24042011",34,2011,4,24,2011-04-24,"Sunday"
"1176","24042012",60,2012,4,24,2012-04-24,"Tuesday"
"1177","24042013",79,2013,4,24,2013-04-24,"Wednesday"
"1178","24042014",6,2014,4,24,2014-04-24,"Thursday"
"1179","24052010",2,2010,5,24,2010-05-24,"Monday"
"1180","24052011",44,2011,5,24,2011-05-24,"Tuesday"
"1181","24052012",54,2012,5,24,2012-05-24,"Thursday"
"1182","24052013",77,2013,5,24,2013-05-24,"Friday"
"1183","24062010",10,2010,6,24,2010-06-24,"Thursday"
"1184","24062011",46,2011,6,24,2011-06-24,"Friday"
"1185","24062012",65,2012,6,24,2012-06-24,"Sunday"
"1186","24062013",79,2013,6,24,2013-06-24,"Monday"
"1187","24072010",4,2010,7,24,2010-07-24,"Saturday"
"1188","24072011",50,2011,7,24,2011-07-24,"Sunday"
"1189","24072012",73,2012,7,24,2012-07-24,"Tuesday"
"1190","24072013",91,2013,7,24,2013-07-24,"Wednesday"
"1191","24082010",8,2010,8,24,2010-08-24,"Tuesday"
"1192","24082011",48,2011,8,24,2011-08-24,"Wednesday"
"1193","24082012",70,2012,8,24,2012-08-24,"Friday"
"1194","24082013",73,2013,8,24,2013-08-24,"Saturday"
"1195","24092010",5,2010,9,24,2010-09-24,"Friday"
"1196","24092011",28,2011,9,24,2011-09-24,"Saturday"
"1197","24092012",52,2012,9,24,2012-09-24,"Monday"
"1198","24092013",67,2013,9,24,2013-09-24,"Tuesday"
"1199","24102010",1,2010,10,24,2010-10-24,"Sunday"
"1200","24102011",30,2011,10,24,2011-10-24,"Monday"
"1201","24102012",67,2012,10,24,2012-10-24,"Wednesday"
"1202","24102013",56,2013,10,24,2013-10-24,"Thursday"
"1203","24112009",2,2009,11,24,2009-11-24,"Tuesday"
"1204","24112010",6,2010,11,24,2010-11-24,"Wednesday"
"1205","24112011",21,2011,11,24,2011-11-24,"Thursday"
"1206","24112012",40,2012,11,24,2012-11-24,"Saturday"
"1207","24112013",56,2013,11,24,2013-11-24,"Sunday"
"1208","24122010",16,2010,12,24,2010-12-24,"Friday"
"1209","24122011",28,2011,12,24,2011-12-24,"Saturday"
"1210","24122012",35,2012,12,24,2012-12-24,"Monday"
"1211","24122013",23,2013,12,24,2013-12-24,"Tuesday"
"1212","25012011",27,2011,1,25,2011-01-25,"Tuesday"
"1213","25012012",63,2012,1,25,2012-01-25,"Wednesday"
"1214","25012013",49,2013,1,25,2013-01-25,"Friday"
"1215","25012014",44,2014,1,25,2014-01-25,"Saturday"
"1216","25022010",1,2010,2,25,2010-02-25,"Thursday"
"1217","25022011",25,2011,2,25,2011-02-25,"Friday"
"1218","25022012",56,2012,2,25,2012-02-25,"Saturday"
"1219","25022013",92,2013,2,25,2013-02-25,"Monday"
"1220","25022014",42,2014,2,25,2014-02-25,"Tuesday"
"1221","25032010",2,2010,3,25,2010-03-25,"Thursday"
"1222","25032011",36,2011,3,25,2011-03-25,"Friday"
"1223","25032012",45,2012,3,25,2012-03-25,"Sunday"
"1224","25032013",70,2013,3,25,2013-03-25,"Monday"
"1225","25032014",28,2014,3,25,2014-03-25,"Tuesday"
"1226","25042011",35,2011,4,25,2011-04-25,"Monday"
"1227","25042012",68,2012,4,25,2012-04-25,"Wednesday"
"1228","25042013",87,2013,4,25,2013-04-25,"Thursday"
"1229","25042014",1,2014,4,25,2014-04-25,"Friday"
"1230","25052010",5,2010,5,25,2010-05-25,"Tuesday"
"1231","25052011",38,2011,5,25,2011-05-25,"Wednesday"
"1232","25052012",53,2012,5,25,2012-05-25,"Friday"
"1233","25052013",81,2013,5,25,2013-05-25,"Saturday"
"1234","25062010",6,2010,6,25,2010-06-25,"Friday"
"1235","25062011",55,2011,6,25,2011-06-25,"Saturday"
"1236","25062012",60,2012,6,25,2012-06-25,"Monday"
"1237","25062013",75,2013,6,25,2013-06-25,"Tuesday"
"1238","25072010",2,2010,7,25,2010-07-25,"Sunday"
"1239","25072011",56,2011,7,25,2011-07-25,"Monday"
"1240","25072012",63,2012,7,25,2012-07-25,"Wednesday"
"1241","25072013",83,2013,7,25,2013-07-25,"Thursday"
"1242","25082010",5,2010,8,25,2010-08-25,"Wednesday"
"1243","25082011",52,2011,8,25,2011-08-25,"Thursday"
"1244","25082012",59,2012,8,25,2012-08-25,"Saturday"
"1245","25082013",62,2013,8,25,2013-08-25,"Sunday"
"1246","25092010",2,2010,9,25,2010-09-25,"Saturday"
"1247","25092011",41,2011,9,25,2011-09-25,"Sunday"
"1248","25092012",48,2012,9,25,2012-09-25,"Tuesday"
"1249","25092013",82,2013,9,25,2013-09-25,"Wednesday"
"1250","25102010",9,2010,10,25,2010-10-25,"Monday"
"1251","25102011",46,2011,10,25,2011-10-25,"Tuesday"
"1252","25102012",56,2012,10,25,2012-10-25,"Thursday"
"1253","25102013",53,2013,10,25,2013-10-25,"Friday"
"1254","25112010",2,2010,11,25,2010-11-25,"Thursday"
"1255","25112011",40,2011,11,25,2011-11-25,"Friday"
"1256","25112012",43,2012,11,25,2012-11-25,"Sunday"
"1257","25112013",45,2013,11,25,2013-11-25,"Monday"
"1258","25122010",16,2010,12,25,2010-12-25,"Saturday"
"1259","25122011",29,2011,12,25,2011-12-25,"Sunday"
"1260","25122012",15,2012,12,25,2012-12-25,"Tuesday"
"1261","25122013",24,2013,12,25,2013-12-25,"Wednesday"
"1262","26012011",16,2011,1,26,2011-01-26,"Wednesday"
"1263","26012012",59,2012,1,26,2012-01-26,"Thursday"
"1264","26012013",60,2013,1,26,2013-01-26,"Saturday"
"1265","26012014",33,2014,1,26,2014-01-26,"Sunday"
"1266","26022010",1,2010,2,26,2010-02-26,"Friday"
"1267","26022011",25,2011,2,26,2011-02-26,"Saturday"
"1268","26022012",38,2012,2,26,2012-02-26,"Sunday"
"1269","26022013",61,2013,2,26,2013-02-26,"Tuesday"
"1270","26022014",57,2014,2,26,2014-02-26,"Wednesday"
"1271","26032011",29,2011,3,26,2011-03-26,"Saturday"
"1272","26032012",74,2012,3,26,2012-03-26,"Monday"
"1273","26032013",70,2013,3,26,2013-03-26,"Tuesday"
"1274","26032014",38,2014,3,26,2014-03-26,"Wednesday"
"1275","26042010",2,2010,4,26,2010-04-26,"Monday"
"1276","26042011",43,2011,4,26,2011-04-26,"Tuesday"
"1277","26042012",49,2012,4,26,2012-04-26,"Thursday"
"1278","26042013",65,2013,4,26,2013-04-26,"Friday"
"1279","26052010",4,2010,5,26,2010-05-26,"Wednesday"
"1280","26052011",38,2011,5,26,2011-05-26,"Thursday"
"1281","26052012",38,2012,5,26,2012-05-26,"Saturday"
"1282","26052013",74,2013,5,26,2013-05-26,"Sunday"
"1283","26062010",6,2010,6,26,2010-06-26,"Saturday"
"1284","26062011",31,2011,6,26,2011-06-26,"Sunday"
"1285","26062012",50,2012,6,26,2012-06-26,"Tuesday"
"1286","26062013",108,2013,6,26,2013-06-26,"Wednesday"
"1287","26072010",7,2010,7,26,2010-07-26,"Monday"
"1288","26072011",52,2011,7,26,2011-07-26,"Tuesday"
"1289","26072012",52,2012,7,26,2012-07-26,"Thursday"
"1290","26072013",67,2013,7,26,2013-07-26,"Friday"
"1291","26082010",8,2010,8,26,2010-08-26,"Thursday"
"1292","26082011",47,2011,8,26,2011-08-26,"Friday"
"1293","26082012",52,2012,8,26,2012-08-26,"Sunday"
"1294","26082013",84,2013,8,26,2013-08-26,"Monday"
"1295","26092010",2,2010,9,26,2010-09-26,"Sunday"
"1296","26092011",39,2011,9,26,2011-09-26,"Monday"
"1297","26092012",72,2012,9,26,2012-09-26,"Wednesday"
"1298","26092013",72,2013,9,26,2013-09-26,"Thursday"
"1299","26102009",1,2009,10,26,2009-10-26,"Monday"
"1300","26102010",4,2010,10,26,2010-10-26,"Tuesday"
"1301","26102011",51,2011,10,26,2011-10-26,"Wednesday"
"1302","26102012",62,2012,10,26,2012-10-26,"Friday"
"1303","26102013",61,2013,10,26,2013-10-26,"Saturday"
"1304","26112010",9,2010,11,26,2010-11-26,"Friday"
"1305","26112011",35,2011,11,26,2011-11-26,"Saturday"
"1306","26112012",56,2012,11,26,2012-11-26,"Monday"
"1307","26112013",48,2013,11,26,2013-11-26,"Tuesday"
"1308","26122010",12,2010,12,26,2010-12-26,"Sunday"
"1309","26122011",35,2011,12,26,2011-12-26,"Monday"
"1310","26122012",42,2012,12,26,2012-12-26,"Wednesday"
"1311","26122013",33,2013,12,26,2013-12-26,"Thursday"
"1312","27012011",32,2011,1,27,2011-01-27,"Thursday"
"1313","27012012",49,2012,1,27,2012-01-27,"Friday"
"1314","27012013",68,2013,1,27,2013-01-27,"Sunday"
"1315","27012014",44,2014,1,27,2014-01-27,"Monday"
"1316","27022011",17,2011,2,27,2011-02-27,"Sunday"
"1317","27022012",65,2012,2,27,2012-02-27,"Monday"
"1318","27022013",35,2013,2,27,2013-02-27,"Wednesday"
"1319","27022014",43,2014,2,27,2014-02-27,"Thursday"
"1320","27032011",18,2011,3,27,2011-03-27,"Sunday"
"1321","27032012",55,2012,3,27,2012-03-27,"Tuesday"
"1322","27032013",69,2013,3,27,2013-03-27,"Wednesday"
"1323","27032014",44,2014,3,27,2014-03-27,"Thursday"
"1324","27042010",5,2010,4,27,2010-04-27,"Tuesday"
"1325","27042011",52,2011,4,27,2011-04-27,"Wednesday"
"1326","27042012",60,2012,4,27,2012-04-27,"Friday"
"1327","27042013",60,2013,4,27,2013-04-27,"Saturday"
"1328","27042014",1,2014,4,27,2014-04-27,"Sunday"
"1329","27052010",3,2010,5,27,2010-05-27,"Thursday"
"1330","27052011",37,2011,5,27,2011-05-27,"Friday"
"1331","27052012",46,2012,5,27,2012-05-27,"Sunday"
"1332","27052013",68,2013,5,27,2013-05-27,"Monday"
"1333","27062010",3,2010,6,27,2010-06-27,"Sunday"
"1334","27062011",43,2011,6,27,2011-06-27,"Monday"
"1335","27062012",89,2012,6,27,2012-06-27,"Wednesday"
"1336","27062013",67,2013,6,27,2013-06-27,"Thursday"
"1337","27072010",15,2010,7,27,2010-07-27,"Tuesday"
"1338","27072011",35,2011,7,27,2011-07-27,"Wednesday"
"1339","27072012",87,2012,7,27,2012-07-27,"Friday"
"1340","27072013",69,2013,7,27,2013-07-27,"Saturday"
"1341","27082010",9,2010,8,27,2010-08-27,"Friday"
"1342","27082011",42,2011,8,27,2011-08-27,"Saturday"
"1343","27082012",67,2012,8,27,2012-08-27,"Monday"
"1344","27082013",65,2013,8,27,2013-08-27,"Tuesday"
"1345","27092010",10,2010,9,27,2010-09-27,"Monday"
"1346","27092011",48,2011,9,27,2011-09-27,"Tuesday"
"1347","27092012",58,2012,9,27,2012-09-27,"Thursday"
"1348","27092013",50,2013,9,27,2013-09-27,"Friday"
"1349","27102010",11,2010,10,27,2010-10-27,"Wednesday"
"1350","27102011",37,2011,10,27,2011-10-27,"Thursday"
"1351","27102012",44,2012,10,27,2012-10-27,"Saturday"
"1352","27102013",41,2013,10,27,2013-10-27,"Sunday"
"1353","27112010",5,2010,11,27,2010-11-27,"Saturday"
"1354","27112011",37,2011,11,27,2011-11-27,"Sunday"
"1355","27112012",53,2012,11,27,2012-11-27,"Tuesday"
"1356","27112013",48,2013,11,27,2013-11-27,"Wednesday"
"1357","27122010",19,2010,12,27,2010-12-27,"Monday"
"1358","27122011",45,2011,12,27,2011-12-27,"Tuesday"
"1359","27122012",54,2012,12,27,2012-12-27,"Thursday"
"1360","27122013",41,2013,12,27,2013-12-27,"Friday"
"1361","28012011",31,2011,1,28,2011-01-28,"Friday"
"1362","28012012",38,2012,1,28,2012-01-28,"Saturday"
"1363","28012013",69,2013,1,28,2013-01-28,"Monday"
"1364","28012014",31,2014,1,28,2014-01-28,"Tuesday"
"1365","28022011",34,2011,2,28,2011-02-28,"Monday"
"1366","28022012",52,2012,2,28,2012-02-28,"Tuesday"
"1367","28022013",52,2013,2,28,2013-02-28,"Thursday"
"1368","28022014",35,2014,2,28,2014-02-28,"Friday"
"1369","28032011",31,2011,3,28,2011-03-28,"Monday"
"1370","28032012",65,2012,3,28,2012-03-28,"Wednesday"
"1371","28032013",60,2013,3,28,2013-03-28,"Thursday"
"1372","28032014",48,2014,3,28,2014-03-28,"Friday"
"1373","28042010",4,2010,4,28,2010-04-28,"Wednesday"
"1374","28042011",46,2011,4,28,2011-04-28,"Thursday"
"1375","28042012",31,2012,4,28,2012-04-28,"Saturday"
"1376","28042013",62,2013,4,28,2013-04-28,"Sunday"
"1377","28042014",1,2014,4,28,2014-04-28,"Monday"
"1378","28052010",3,2010,5,28,2010-05-28,"Friday"
"1379","28052011",47,2011,5,28,2011-05-28,"Saturday"
"1380","28052012",47,2012,5,28,2012-05-28,"Monday"
"1381","28052013",70,2013,5,28,2013-05-28,"Tuesday"
"1382","28062010",9,2010,6,28,2010-06-28,"Monday"
"1383","28062011",46,2011,6,28,2011-06-28,"Tuesday"
"1384","28062012",63,2012,6,28,2012-06-28,"Thursday"
"1385","28062013",70,2013,6,28,2013-06-28,"Friday"
"1386","28072010",8,2010,7,28,2010-07-28,"Wednesday"
"1387","28072011",31,2011,7,28,2011-07-28,"Thursday"
"1388","28072012",68,2012,7,28,2012-07-28,"Saturday"
"1389","28072013",91,2013,7,28,2013-07-28,"Sunday"
"1390","28082010",7,2010,8,28,2010-08-28,"Saturday"
"1391","28082011",30,2011,8,28,2011-08-28,"Sunday"
"1392","28082012",77,2012,8,28,2012-08-28,"Tuesday"
"1393","28082013",81,2013,8,28,2013-08-28,"Wednesday"
"1394","28092010",6,2010,9,28,2010-09-28,"Tuesday"
"1395","28092011",42,2011,9,28,2011-09-28,"Wednesday"
"1396","28092012",65,2012,9,28,2012-09-28,"Friday"
"1397","28092013",66,2013,9,28,2013-09-28,"Saturday"
"1398","28102010",7,2010,10,28,2010-10-28,"Thursday"
"1399","28102011",36,2011,10,28,2011-10-28,"Friday"
"1400","28102012",32,2012,10,28,2012-10-28,"Sunday"
"1401","28102013",59,2013,10,28,2013-10-28,"Monday"
"1402","28112010",7,2010,11,28,2010-11-28,"Sunday"
"1403","28112011",23,2011,11,28,2011-11-28,"Monday"
"1404","28112012",59,2012,11,28,2012-11-28,"Wednesday"
"1405","28112013",26,2013,11,28,2013-11-28,"Thursday"
"1406","28122010",35,2010,12,28,2010-12-28,"Tuesday"
"1407","28122011",43,2011,12,28,2011-12-28,"Wednesday"
"1408","28122012",58,2012,12,28,2012-12-28,"Friday"
"1409","28122013",45,2013,12,28,2013-12-28,"Saturday"
"1410","29012011",32,2011,1,29,2011-01-29,"Saturday"
"1411","29012012",37,2012,1,29,2012-01-29,"Sunday"
"1412","29012013",75,2013,1,29,2013-01-29,"Tuesday"
"1413","29012014",47,2014,1,29,2014-01-29,"Wednesday"
"1414","29022012",51,2012,2,29,2012-02-29,"Wednesday"
"1415","29032010",2,2010,3,29,2010-03-29,"Monday"
"1416","29032011",29,2011,3,29,2011-03-29,"Tuesday"
"1417","29032012",65,2012,3,29,2012-03-29,"Thursday"
"1418","29032013",34,2013,3,29,2013-03-29,"Friday"
"1419","29032014",38,2014,3,29,2014-03-29,"Saturday"
"1420","29042010",5,2010,4,29,2010-04-29,"Thursday"
"1421","29042011",49,2011,4,29,2011-04-29,"Friday"
"1422","29042012",35,2012,4,29,2012-04-29,"Sunday"
"1423","29042013",121,2013,4,29,2013-04-29,"Monday"
"1424","29042014",8,2014,4,29,2014-04-29,"Tuesday"
"1425","29052010",1,2010,5,29,2010-05-29,"Saturday"
"1426","29052011",30,2011,5,29,2011-05-29,"Sunday"
"1427","29052012",70,2012,5,29,2012-05-29,"Tuesday"
"1428","29052013",96,2013,5,29,2013-05-29,"Wednesday"
"1429","29062010",8,2010,6,29,2010-06-29,"Tuesday"
"1430","29062011",30,2011,6,29,2011-06-29,"Wednesday"
"1431","29062012",71,2012,6,29,2012-06-29,"Friday"
"1432","29062013",87,2013,6,29,2013-06-29,"Saturday"
"1433","29072010",8,2010,7,29,2010-07-29,"Thursday"
"1434","29072011",58,2011,7,29,2011-07-29,"Friday"
"1435","29072012",65,2012,7,29,2012-07-29,"Sunday"
"1436","29072013",60,2013,7,29,2013-07-29,"Monday"
"1437","29082010",1,2010,8,29,2010-08-29,"Sunday"
"1438","29082011",44,2011,8,29,2011-08-29,"Monday"
"1439","29082012",81,2012,8,29,2012-08-29,"Wednesday"
"1440","29082013",82,2013,8,29,2013-08-29,"Thursday"
"1441","29092010",13,2010,9,29,2010-09-29,"Wednesday"
"1442","29092011",49,2011,9,29,2011-09-29,"Thursday"
"1443","29092012",52,2012,9,29,2012-09-29,"Saturday"
"1444","29092013",68,2013,9,29,2013-09-29,"Sunday"
"1445","29102010",6,2010,10,29,2010-10-29,"Friday"
"1446","29102011",42,2011,10,29,2011-10-29,"Saturday"
"1447","29102012",60,2012,10,29,2012-10-29,"Monday"
"1448","29102013",79,2013,10,29,2013-10-29,"Tuesday"
"1449","29112010",5,2010,11,29,2010-11-29,"Monday"
"1450","29112011",74,2011,11,29,2011-11-29,"Tuesday"
"1451","29112012",63,2012,11,29,2012-11-29,"Thursday"
"1452","29112013",54,2013,11,29,2013-11-29,"Friday"
"1453","29122009",2,2009,12,29,2009-12-29,"Tuesday"
"1454","29122010",26,2010,12,29,2010-12-29,"Wednesday"
"1455","29122011",55,2011,12,29,2011-12-29,"Thursday"
"1456","29122012",64,2012,12,29,2012-12-29,"Saturday"
"1457","29122013",26,2013,12,29,2013-12-29,"Sunday"
"1458","30012011",23,2011,1,30,2011-01-30,"Sunday"
"1459","30012012",55,2012,1,30,2012-01-30,"Monday"
"1460","30012013",43,2013,1,30,2013-01-30,"Wednesday"
"1461","30012014",40,2014,1,30,2014-01-30,"Thursday"
"1462","30032010",2,2010,3,30,2010-03-30,"Tuesday"
"1463","30032011",37,2011,3,30,2011-03-30,"Wednesday"
"1464","30032012",36,2012,3,30,2012-03-30,"Friday"
"1465","30032013",97,2013,3,30,2013-03-30,"Saturday"
"1466","30032014",44,2014,3,30,2014-03-30,"Sunday"
"1467","30042010",1,2010,4,30,2010-04-30,"Friday"
"1468","30042011",25,2011,4,30,2011-04-30,"Saturday"
"1469","30042012",44,2012,4,30,2012-04-30,"Monday"
"1470","30042013",84,2013,4,30,2013-04-30,"Tuesday"
"1471","30052011",52,2011,5,30,2011-05-30,"Monday"
"1472","30052012",54,2012,5,30,2012-05-30,"Wednesday"
"1473","30052013",56,2013,5,30,2013-05-30,"Thursday"
"1474","30062010",4,2010,6,30,2010-06-30,"Wednesday"
"1475","30062011",65,2011,6,30,2011-06-30,"Thursday"
"1476","30062012",78,2012,6,30,2012-06-30,"Saturday"
"1477","30062013",82,2013,6,30,2013-06-30,"Sunday"
"1478","30072010",5,2010,7,30,2010-07-30,"Friday"
"1479","30072011",53,2011,7,30,2011-07-30,"Saturday"
"1480","30072012",60,2012,7,30,2012-07-30,"Monday"
"1481","30072013",70,2013,7,30,2013-07-30,"Tuesday"
"1482","30082010",3,2010,8,30,2010-08-30,"Monday"
"1483","30082011",47,2011,8,30,2011-08-30,"Tuesday"
"1484","30082012",72,2012,8,30,2012-08-30,"Thursday"
"1485","30082013",72,2013,8,30,2013-08-30,"Friday"
"1486","30092009",3,2009,9,30,2009-09-30,"Wednesday"
"1487","30092010",12,2010,9,30,2010-09-30,"Thursday"
"1488","30092011",34,2011,9,30,2011-09-30,"Friday"
"1489","30092012",45,2012,9,30,2012-09-30,"Sunday"
"1490","30092013",57,2013,9,30,2013-09-30,"Monday"
"1491","30102010",1,2010,10,30,2010-10-30,"Saturday"
"1492","30102011",37,2011,10,30,2011-10-30,"Sunday"
"1493","30102012",66,2012,10,30,2012-10-30,"Tuesday"
"1494","30102013",73,2013,10,30,2013-10-30,"Wednesday"
"1495","30112010",10,2010,11,30,2010-11-30,"Tuesday"
"1496","30112011",61,2011,11,30,2011-11-30,"Wednesday"
"1497","30112012",37,2012,11,30,2012-11-30,"Friday"
"1498","30112013",45,2013,11,30,2013-11-30,"Saturday"
"1499","30122010",18,2010,12,30,2010-12-30,"Thursday"
"1500","30122011",23,2011,12,30,2011-12-30,"Friday"
"1501","30122012",73,2012,12,30,2012-12-30,"Sunday"
"1502","30122013",34,2013,12,30,2013-12-30,"Monday"
"1503","31012011",33,2011,1,31,2011-01-31,"Monday"
"1504","31012012",57,2012,1,31,2012-01-31,"Tuesday"
"1505","31012013",78,2013,1,31,2013-01-31,"Thursday"
"1506","31012014",42,2014,1,31,2014-01-31,"Friday"
"1507","31032011",39,2011,3,31,2011-03-31,"Thursday"
"1508","31032012",43,2012,3,31,2012-03-31,"Saturday"
"1509","31032013",71,2013,3,31,2013-03-31,"Sunday"
"1510","31032014",62,2014,3,31,2014-03-31,"Monday"
"1511","31052010",6,2010,5,31,2010-05-31,"Monday"
"1512","31052011",50,2011,5,31,2011-05-31,"Tuesday"
"1513","31052012",49,2012,5,31,2012-05-31,"Thursday"
"1514","31052013",63,2013,5,31,2013-05-31,"Friday"
"1515","31072010",6,2010,7,31,2010-07-31,"Saturday"
"1516","31072011",58,2011,7,31,2011-07-31,"Sunday"
"1517","31072012",87,2012,7,31,2012-07-31,"Tuesday"
"1518","31072013",65,2013,7,31,2013-07-31,"Wednesday"
"1519","31082010",9,2010,8,31,2010-08-31,"Tuesday"
"1520","31082011",63,2011,8,31,2011-08-31,"Wednesday"
"1521","31082012",66,2012,8,31,2012-08-31,"Friday"
"1522","31082013",69,2013,8,31,2013-08-31,"Saturday"
"1523","31102010",3,2010,10,31,2010-10-31,"Sunday"
"1524","31102011",47,2011,10,31,2011-10-31,"Monday"
"1525","31102012",52,2012,10,31,2012-10-31,"Wednesday"
"1526","31102013",57,2013,10,31,2013-10-31,"Thursday"
"1527","31122010",37,2010,12,31,2010-12-31,"Friday"
"1528","31122011",33,2011,12,31,2011-12-31,"Saturday"
"1529","31122012",44,2012,12,31,2012-12-31,"Monday"
"1530","31122013",33,2013,12,31,2013-12-31,"Tuesday"
