"","date2","frequency","year","month","day"
"1",2009-06-19,1,2009,6,19
"2",2009-07-08,1,2009,7,8
"3",2009-09-01,1,2009,9,1
"4",2009-09-02,1,2009,9,2
"5",2009-09-10,1,2009,9,10
"6",2009-09-14,1,2009,9,14
"7",2009-09-23,1,2009,9,23
"8",2009-09-30,3,2009,9,30
"9",2009-10-05,2,2009,10,5
"10",2009-10-15,1,2009,10,15
"11",2009-10-19,1,2009,10,19
"12",2009-10-20,1,2009,10,20
"13",2009-10-26,1,2009,10,26
"14",2009-11-09,2,2009,11,9
"15",2009-11-11,1,2009,11,11
"16",2009-11-13,1,2009,11,13
"17",2009-11-18,1,2009,11,18
"18",2009-11-20,1,2009,11,20
"19",2009-11-24,2,2009,11,24
"20",2009-12-03,1,2009,12,3
"21",2009-12-09,1,2009,12,9
"22",2009-12-10,1,2009,12,10
"23",2009-12-11,1,2009,12,11
"24",2009-12-14,1,2009,12,14
"25",2009-12-16,1,2009,12,16
"26",2009-12-17,1,2009,12,17
"27",2009-12-29,2,2009,12,29
"28",2010-01-04,2,2010,1,4
"29",2010-01-08,1,2010,1,8
"30",2010-01-11,2,2010,1,11
"31",2010-01-21,1,2010,1,21
"32",2010-02-01,1,2010,2,1
"33",2010-02-03,1,2010,2,3
"34",2010-02-16,2,2010,2,16
"35",2010-02-25,1,2010,2,25
"36",2010-02-26,1,2010,2,26
"37",2010-03-02,1,2010,3,2
"38",2010-03-03,1,2010,3,3
"39",2010-03-04,1,2010,3,4
"40",2010-03-09,1,2010,3,9
"41",2010-03-10,2,2010,3,10
"42",2010-03-16,1,2010,3,16
"43",2010-03-17,1,2010,3,17
"44",2010-03-18,1,2010,3,18
"45",2010-03-23,2,2010,3,23
"46",2010-03-24,2,2010,3,24
"47",2010-03-25,2,2010,3,25
"48",2010-03-29,2,2010,3,29
"49",2010-03-30,2,2010,3,30
"50",2010-04-06,2,2010,4,6
"51",2010-04-08,1,2010,4,8
"52",2010-04-10,1,2010,4,10
"53",2010-04-12,1,2010,4,12
"54",2010-04-14,1,2010,4,14
"55",2010-04-15,2,2010,4,15
"56",2010-04-19,2,2010,4,19
"57",2010-04-21,2,2010,4,21
"58",2010-04-22,3,2010,4,22
"59",2010-04-23,1,2010,4,23
"60",2010-04-26,2,2010,4,26
"61",2010-04-27,5,2010,4,27
"62",2010-04-28,4,2010,4,28
"63",2010-04-29,5,2010,4,29
"64",2010-04-30,1,2010,4,30
"65",2010-05-01,1,2010,5,1
"66",2010-05-02,1,2010,5,2
"67",2010-05-03,8,2010,5,3
"68",2010-05-04,6,2010,5,4
"69",2010-05-05,1,2010,5,5
"70",2010-05-07,6,2010,5,7
"71",2010-05-09,1,2010,5,9
"72",2010-05-10,3,2010,5,10
"73",2010-05-11,1,2010,5,11
"74",2010-05-12,3,2010,5,12
"75",2010-05-13,3,2010,5,13
"76",2010-05-14,3,2010,5,14
"77",2010-05-15,1,2010,5,15
"78",2010-05-17,2,2010,5,17
"79",2010-05-18,3,2010,5,18
"80",2010-05-19,2,2010,5,19
"81",2010-05-20,2,2010,5,20
"82",2010-05-21,6,2010,5,21
"83",2010-05-22,2,2010,5,22
"84",2010-05-23,5,2010,5,23
"85",2010-05-24,2,2010,5,24
"86",2010-05-25,5,2010,5,25
"87",2010-05-26,4,2010,5,26
"88",2010-05-27,3,2010,5,27
"89",2010-05-28,3,2010,5,28
"90",2010-05-29,1,2010,5,29
"91",2010-05-31,6,2010,5,31
"92",2010-06-01,8,2010,6,1
"93",2010-06-02,5,2010,6,2
"94",2010-06-03,7,2010,6,3
"95",2010-06-04,3,2010,6,4
"96",2010-06-05,2,2010,6,5
"97",2010-06-06,2,2010,6,6
"98",2010-06-07,3,2010,6,7
"99",2010-06-08,4,2010,6,8
"100",2010-06-09,11,2010,6,9
"101",2010-06-10,5,2010,6,10
"102",2010-06-11,8,2010,6,11
"103",2010-06-12,9,2010,6,12
"104",2010-06-13,5,2010,6,13
"105",2010-06-14,2,2010,6,14
"106",2010-06-15,6,2010,6,15
"107",2010-06-16,1,2010,6,16
"108",2010-06-17,16,2010,6,17
"109",2010-06-19,6,2010,6,19
"110",2010-06-20,7,2010,6,20
"111",2010-06-21,1,2010,6,21
"112",2010-06-22,8,2010,6,22
"113",2010-06-23,7,2010,6,23
"114",2010-06-24,10,2010,6,24
"115",2010-06-25,6,2010,6,25
"116",2010-06-26,6,2010,6,26
"117",2010-06-27,3,2010,6,27
"118",2010-06-28,9,2010,6,28
"119",2010-06-29,8,2010,6,29
"120",2010-06-30,4,2010,6,30
"121",2010-07-01,7,2010,7,1
"122",2010-07-02,6,2010,7,2
"123",2010-07-03,2,2010,7,3
"124",2010-07-04,3,2010,7,4
"125",2010-07-05,5,2010,7,5
"126",2010-07-06,9,2010,7,6
"127",2010-07-07,7,2010,7,7
"128",2010-07-08,8,2010,7,8
"129",2010-07-09,14,2010,7,9
"130",2010-07-10,2,2010,7,10
"131",2010-07-11,2,2010,7,11
"132",2010-07-12,4,2010,7,12
"133",2010-07-13,9,2010,7,13
"134",2010-07-14,5,2010,7,14
"135",2010-07-15,8,2010,7,15
"136",2010-07-16,6,2010,7,16
"137",2010-07-17,5,2010,7,17
"138",2010-07-18,5,2010,7,18
"139",2010-07-19,3,2010,7,19
"140",2010-07-20,7,2010,7,20
"141",2010-07-21,6,2010,7,21
"142",2010-07-22,4,2010,7,22
"143",2010-07-24,4,2010,7,24
"144",2010-07-25,2,2010,7,25
"145",2010-07-26,7,2010,7,26
"146",2010-07-27,15,2010,7,27
"147",2010-07-28,8,2010,7,28
"148",2010-07-29,8,2010,7,29
"149",2010-07-30,5,2010,7,30
"150",2010-07-31,6,2010,7,31
"151",2010-08-01,1,2010,8,1
"152",2010-08-02,9,2010,8,2
"153",2010-08-03,11,2010,8,3
"154",2010-08-04,9,2010,8,4
"155",2010-08-05,7,2010,8,5
"156",2010-08-06,5,2010,8,6
"157",2010-08-07,1,2010,8,7
"158",2010-08-08,6,2010,8,8
"159",2010-08-09,11,2010,8,9
"160",2010-08-10,9,2010,8,10
"161",2010-08-11,3,2010,8,11
"162",2010-08-12,6,2010,8,12
"163",2010-08-13,15,2010,8,13
"164",2010-08-14,17,2010,8,14
"165",2010-08-15,10,2010,8,15
"166",2010-08-16,9,2010,8,16
"167",2010-08-17,7,2010,8,17
"168",2010-08-18,7,2010,8,18
"169",2010-08-19,5,2010,8,19
"170",2010-08-20,10,2010,8,20
"171",2010-08-21,2,2010,8,21
"172",2010-08-22,3,2010,8,22
"173",2010-08-23,9,2010,8,23
"174",2010-08-24,8,2010,8,24
"175",2010-08-25,5,2010,8,25
"176",2010-08-26,8,2010,8,26
"177",2010-08-27,9,2010,8,27
"178",2010-08-28,7,2010,8,28
"179",2010-08-29,1,2010,8,29
"180",2010-08-30,3,2010,8,30
"181",2010-08-31,9,2010,8,31
"182",2010-09-01,4,2010,9,1
"183",2010-09-02,13,2010,9,2
"184",2010-09-03,2,2010,9,3
"185",2010-09-04,3,2010,9,4
"186",2010-09-05,7,2010,9,5
"187",2010-09-06,3,2010,9,6
"188",2010-09-07,14,2010,9,7
"189",2010-09-08,6,2010,9,8
"190",2010-09-09,8,2010,9,9
"191",2010-09-10,3,2010,9,10
"192",2010-09-11,2,2010,9,11
"193",2010-09-12,1,2010,9,12
"194",2010-09-13,8,2010,9,13
"195",2010-09-14,5,2010,9,14
"196",2010-09-15,13,2010,9,15
"197",2010-09-16,6,2010,9,16
"198",2010-09-17,9,2010,9,17
"199",2010-09-18,5,2010,9,18
"200",2010-09-19,4,2010,9,19
"201",2010-09-20,11,2010,9,20
"202",2010-09-21,4,2010,9,21
"203",2010-09-22,13,2010,9,22
"204",2010-09-23,6,2010,9,23
"205",2010-09-24,5,2010,9,24
"206",2010-09-25,2,2010,9,25
"207",2010-09-26,2,2010,9,26
"208",2010-09-27,10,2010,9,27
"209",2010-09-28,6,2010,9,28
"210",2010-09-29,13,2010,9,29
"211",2010-09-30,12,2010,9,30
"212",2010-10-01,4,2010,10,1
"213",2010-10-02,4,2010,10,2
"214",2010-10-03,3,2010,10,3
"215",2010-10-04,6,2010,10,4
"216",2010-10-05,11,2010,10,5
"217",2010-10-06,10,2010,10,6
"218",2010-10-07,5,2010,10,7
"219",2010-10-08,10,2010,10,8
"220",2010-10-09,4,2010,10,9
"221",2010-10-10,3,2010,10,10
"222",2010-10-11,10,2010,10,11
"223",2010-10-12,4,2010,10,12
"224",2010-10-13,13,2010,10,13
"225",2010-10-14,8,2010,10,14
"226",2010-10-15,8,2010,10,15
"227",2010-10-17,1,2010,10,17
"228",2010-10-18,13,2010,10,18
"229",2010-10-19,9,2010,10,19
"230",2010-10-20,9,2010,10,20
"231",2010-10-21,10,2010,10,21
"232",2010-10-22,10,2010,10,22
"233",2010-10-23,4,2010,10,23
"234",2010-10-24,1,2010,10,24
"235",2010-10-25,9,2010,10,25
"236",2010-10-26,4,2010,10,26
"237",2010-10-27,11,2010,10,27
"238",2010-10-28,7,2010,10,28
"239",2010-10-29,6,2010,10,29
"240",2010-10-30,1,2010,10,30
"241",2010-10-31,3,2010,10,31
"242",2010-11-01,7,2010,11,1
"243",2010-11-02,11,2010,11,2
"244",2010-11-03,12,2010,11,3
"245",2010-11-04,9,2010,11,4
"246",2010-11-05,10,2010,11,5
"247",2010-11-06,3,2010,11,6
"248",2010-11-07,5,2010,11,7
"249",2010-11-08,6,2010,11,8
"250",2010-11-09,12,2010,11,9
"251",2010-11-10,10,2010,11,10
"252",2010-11-11,14,2010,11,11
"253",2010-11-12,15,2010,11,12
"254",2010-11-13,2,2010,11,13
"255",2010-11-14,1,2010,11,14
"256",2010-11-15,8,2010,11,15
"257",2010-11-16,11,2010,11,16
"258",2010-11-17,13,2010,11,17
"259",2010-11-18,22,2010,11,18
"260",2010-11-19,15,2010,11,19
"261",2010-11-20,7,2010,11,20
"262",2010-11-21,6,2010,11,21
"263",2010-11-22,16,2010,11,22
"264",2010-11-23,10,2010,11,23
"265",2010-11-24,6,2010,11,24
"266",2010-11-25,2,2010,11,25
"267",2010-11-26,9,2010,11,26
"268",2010-11-27,5,2010,11,27
"269",2010-11-28,7,2010,11,28
"270",2010-11-29,5,2010,11,29
"271",2010-11-30,10,2010,11,30
"272",2010-12-01,17,2010,12,1
"273",2010-12-02,32,2010,12,2
"274",2010-12-03,22,2010,12,3
"275",2010-12-04,11,2010,12,4
"276",2010-12-05,12,2010,12,5
"277",2010-12-06,25,2010,12,6
"278",2010-12-07,21,2010,12,7
"279",2010-12-08,20,2010,12,8
"280",2010-12-09,22,2010,12,9
"281",2010-12-10,34,2010,12,10
"282",2010-12-11,27,2010,12,11
"283",2010-12-12,14,2010,12,12
"284",2010-12-13,19,2010,12,13
"285",2010-12-14,16,2010,12,14
"286",2010-12-15,33,2010,12,15
"287",2010-12-16,24,2010,12,16
"288",2010-12-17,30,2010,12,17
"289",2010-12-18,17,2010,12,18
"290",2010-12-19,12,2010,12,19
"291",2010-12-20,32,2010,12,20
"292",2010-12-21,16,2010,12,21
"293",2010-12-22,28,2010,12,22
"294",2010-12-23,25,2010,12,23
"295",2010-12-24,16,2010,12,24
"296",2010-12-25,16,2010,12,25
"297",2010-12-26,12,2010,12,26
"298",2010-12-27,19,2010,12,27
"299",2010-12-28,35,2010,12,28
"300",2010-12-29,26,2010,12,29
"301",2010-12-30,18,2010,12,30
"302",2010-12-31,37,2010,12,31
"303",2011-01-01,20,2011,1,1
"304",2011-01-02,17,2011,1,2
"305",2011-01-03,18,2011,1,3
"306",2011-01-04,28,2011,1,4
"307",2011-01-05,33,2011,1,5
"308",2011-01-06,21,2011,1,6
"309",2011-01-07,35,2011,1,7
"310",2011-01-08,25,2011,1,8
"311",2011-01-09,18,2011,1,9
"312",2011-01-10,32,2011,1,10
"313",2011-01-11,18,2011,1,11
"314",2011-01-12,31,2011,1,12
"315",2011-01-13,20,2011,1,13
"316",2011-01-14,22,2011,1,14
"317",2011-01-15,21,2011,1,15
"318",2011-01-16,27,2011,1,16
"319",2011-01-17,13,2011,1,17
"320",2011-01-18,23,2011,1,18
"321",2011-01-19,39,2011,1,19
"322",2011-01-20,33,2011,1,20
"323",2011-01-21,19,2011,1,21
"324",2011-01-22,30,2011,1,22
"325",2011-01-23,17,2011,1,23
"326",2011-01-24,27,2011,1,24
"327",2011-01-25,27,2011,1,25
"328",2011-01-26,16,2011,1,26
"329",2011-01-27,32,2011,1,27
"330",2011-01-28,31,2011,1,28
"331",2011-01-29,32,2011,1,29
"332",2011-01-30,23,2011,1,30
"333",2011-01-31,33,2011,1,31
"334",2011-02-01,20,2011,2,1
"335",2011-02-02,4,2011,2,2
"336",2011-02-03,17,2011,2,3
"337",2011-02-04,20,2011,2,4
"338",2011-02-05,19,2011,2,5
"339",2011-02-06,19,2011,2,6
"340",2011-02-07,29,2011,2,7
"341",2011-02-08,22,2011,2,8
"342",2011-02-09,23,2011,2,9
"343",2011-02-10,31,2011,2,10
"344",2011-02-11,39,2011,2,11
"345",2011-02-12,23,2011,2,12
"346",2011-02-13,21,2011,2,13
"347",2011-02-14,26,2011,2,14
"348",2011-02-15,40,2011,2,15
"349",2011-02-16,50,2011,2,16
"350",2011-02-17,27,2011,2,17
"351",2011-02-18,47,2011,2,18
"352",2011-02-19,19,2011,2,19
"353",2011-02-20,20,2011,2,20
"354",2011-02-21,21,2011,2,21
"355",2011-02-22,34,2011,2,22
"356",2011-02-23,23,2011,2,23
"357",2011-02-24,39,2011,2,24
"358",2011-02-25,25,2011,2,25
"359",2011-02-26,25,2011,2,26
"360",2011-02-27,17,2011,2,27
"361",2011-02-28,34,2011,2,28
"362",2011-03-01,34,2011,3,1
"363",2011-03-02,38,2011,3,2
"364",2011-03-03,35,2011,3,3
"365",2011-03-04,20,2011,3,4
"366",2011-03-05,26,2011,3,5
"367",2011-03-06,26,2011,3,6
"368",2011-03-07,36,2011,3,7
"369",2011-03-08,41,2011,3,8
"370",2011-03-09,38,2011,3,9
"371",2011-03-10,39,2011,3,10
"372",2011-03-11,47,2011,3,11
"373",2011-03-12,28,2011,3,12
"374",2011-03-13,35,2011,3,13
"375",2011-03-14,32,2011,3,14
"376",2011-03-15,43,2011,3,15
"377",2011-03-16,47,2011,3,16
"378",2011-03-17,35,2011,3,17
"379",2011-03-18,39,2011,3,18
"380",2011-03-19,30,2011,3,19
"381",2011-03-20,17,2011,3,20
"382",2011-03-21,46,2011,3,21
"383",2011-03-22,31,2011,3,22
"384",2011-03-23,32,2011,3,23
"385",2011-03-24,30,2011,3,24
"386",2011-03-25,36,2011,3,25
"387",2011-03-26,29,2011,3,26
"388",2011-03-27,18,2011,3,27
"389",2011-03-28,31,2011,3,28
"390",2011-03-29,29,2011,3,29
"391",2011-03-30,37,2011,3,30
"392",2011-03-31,39,2011,3,31
"393",2011-04-01,41,2011,4,1
"394",2011-04-02,26,2011,4,2
"395",2011-04-03,22,2011,4,3
"396",2011-04-04,38,2011,4,4
"397",2011-04-05,53,2011,4,5
"398",2011-04-06,45,2011,4,6
"399",2011-04-07,41,2011,4,7
"400",2011-04-08,46,2011,4,8
"401",2011-04-09,27,2011,4,9
"402",2011-04-10,42,2011,4,10
"403",2011-04-11,60,2011,4,11
"404",2011-04-12,37,2011,4,12
"405",2011-04-13,40,2011,4,13
"406",2011-04-14,47,2011,4,14
"407",2011-04-15,38,2011,4,15
"408",2011-04-16,23,2011,4,16
"409",2011-04-17,26,2011,4,17
"410",2011-04-18,49,2011,4,18
"411",2011-04-19,32,2011,4,19
"412",2011-04-20,30,2011,4,20
"413",2011-04-21,31,2011,4,21
"414",2011-04-22,31,2011,4,22
"415",2011-04-23,52,2011,4,23
"416",2011-04-24,34,2011,4,24
"417",2011-04-25,35,2011,4,25
"418",2011-04-26,43,2011,4,26
"419",2011-04-27,52,2011,4,27
"420",2011-04-28,46,2011,4,28
"421",2011-04-29,49,2011,4,29
"422",2011-04-30,25,2011,4,30
"423",2011-05-01,42,2011,5,1
"424",2011-05-02,44,2011,5,2
"425",2011-05-03,37,2011,5,3
"426",2011-05-04,62,2011,5,4
"427",2011-05-05,50,2011,5,5
"428",2011-05-06,49,2011,5,6
"429",2011-05-07,26,2011,5,7
"430",2011-05-08,31,2011,5,8
"431",2011-05-09,41,2011,5,9
"432",2011-05-10,56,2011,5,10
"433",2011-05-11,37,2011,5,11
"434",2011-05-12,46,2011,5,12
"435",2011-05-13,35,2011,5,13
"436",2011-05-14,15,2011,5,14
"437",2011-05-15,26,2011,5,15
"438",2011-05-16,51,2011,5,16
"439",2011-05-17,45,2011,5,17
"440",2011-05-18,45,2011,5,18
"441",2011-05-19,37,2011,5,19
"442",2011-05-20,51,2011,5,20
"443",2011-05-21,29,2011,5,21
"444",2011-05-22,28,2011,5,22
"445",2011-05-23,54,2011,5,23
"446",2011-05-24,44,2011,5,24
"447",2011-05-25,38,2011,5,25
"448",2011-05-26,38,2011,5,26
"449",2011-05-27,37,2011,5,27
"450",2011-05-28,47,2011,5,28
"451",2011-05-29,30,2011,5,29
"452",2011-05-30,52,2011,5,30
"453",2011-05-31,50,2011,5,31
"454",2011-06-01,41,2011,6,1
"455",2011-06-02,46,2011,6,2
"456",2011-06-03,34,2011,6,3
"457",2011-06-04,22,2011,6,4
"458",2011-06-05,31,2011,6,5
"459",2011-06-06,33,2011,6,6
"460",2011-06-07,47,2011,6,7
"461",2011-06-08,38,2011,6,8
"462",2011-06-09,35,2011,6,9
"463",2011-06-10,38,2011,6,10
"464",2011-06-11,24,2011,6,11
"465",2011-06-12,35,2011,6,12
"466",2011-06-13,49,2011,6,13
"467",2011-06-14,45,2011,6,14
"468",2011-06-15,44,2011,6,15
"469",2011-06-16,40,2011,6,16
"470",2011-06-17,42,2011,6,17
"471",2011-06-18,54,2011,6,18
"472",2011-06-19,44,2011,6,19
"473",2011-06-20,32,2011,6,20
"474",2011-06-21,36,2011,6,21
"475",2011-06-22,40,2011,6,22
"476",2011-06-23,65,2011,6,23
"477",2011-06-24,46,2011,6,24
"478",2011-06-25,55,2011,6,25
"479",2011-06-26,31,2011,6,26
"480",2011-06-27,43,2011,6,27
"481",2011-06-28,46,2011,6,28
"482",2011-06-29,30,2011,6,29
"483",2011-06-30,65,2011,6,30
"484",2011-07-01,51,2011,7,1
"485",2011-07-02,47,2011,7,2
"486",2011-07-03,47,2011,7,3
"487",2011-07-04,36,2011,7,4
"488",2011-07-05,49,2011,7,5
"489",2011-07-06,42,2011,7,6
"490",2011-07-07,55,2011,7,7
"491",2011-07-08,37,2011,7,8
"492",2011-07-09,42,2011,7,9
"493",2011-07-10,34,2011,7,10
"494",2011-07-11,53,2011,7,11
"495",2011-07-12,39,2011,7,12
"496",2011-07-13,35,2011,7,13
"497",2011-07-14,35,2011,7,14
"498",2011-07-15,41,2011,7,15
"499",2011-07-16,41,2011,7,16
"500",2011-07-17,21,2011,7,17
"501",2011-07-18,37,2011,7,18
"502",2011-07-19,55,2011,7,19
"503",2011-07-20,36,2011,7,20
"504",2011-07-21,53,2011,7,21
"505",2011-07-22,33,2011,7,22
"506",2011-07-23,49,2011,7,23
"507",2011-07-24,50,2011,7,24
"508",2011-07-25,56,2011,7,25
"509",2011-07-26,52,2011,7,26
"510",2011-07-27,35,2011,7,27
"511",2011-07-28,31,2011,7,28
"512",2011-07-29,58,2011,7,29
"513",2011-07-30,53,2011,7,30
"514",2011-07-31,58,2011,7,31
"515",2011-08-01,40,2011,8,1
"516",2011-08-02,51,2011,8,2
"517",2011-08-03,34,2011,8,3
"518",2011-08-04,41,2011,8,4
"519",2011-08-05,44,2011,8,5
"520",2011-08-06,52,2011,8,6
"521",2011-08-07,32,2011,8,7
"522",2011-08-08,32,2011,8,8
"523",2011-08-09,41,2011,8,9
"524",2011-08-10,37,2011,8,10
"525",2011-08-11,43,2011,8,11
"526",2011-08-12,41,2011,8,12
"527",2011-08-13,29,2011,8,13
"528",2011-08-14,50,2011,8,14
"529",2011-08-15,47,2011,8,15
"530",2011-08-16,71,2011,8,16
"531",2011-08-17,50,2011,8,17
"532",2011-08-18,45,2011,8,18
"533",2011-08-19,39,2011,8,19
"534",2011-08-20,62,2011,8,20
"535",2011-08-21,37,2011,8,21
"536",2011-08-22,31,2011,8,22
"537",2011-08-23,51,2011,8,23
"538",2011-08-24,48,2011,8,24
"539",2011-08-25,52,2011,8,25
"540",2011-08-26,47,2011,8,26
"541",2011-08-27,42,2011,8,27
"542",2011-08-28,30,2011,8,28
"543",2011-08-29,44,2011,8,29
"544",2011-08-30,47,2011,8,30
"545",2011-08-31,63,2011,8,31
"546",2011-09-01,49,2011,9,1
"547",2011-09-02,38,2011,9,2
"548",2011-09-03,38,2011,9,3
"549",2011-09-04,37,2011,9,4
"550",2011-09-05,43,2011,9,5
"551",2011-09-06,42,2011,9,6
"552",2011-09-07,47,2011,9,7
"553",2011-09-08,35,2011,9,8
"554",2011-09-09,34,2011,9,9
"555",2011-09-10,43,2011,9,10
"556",2011-09-11,33,2011,9,11
"557",2011-09-12,52,2011,9,12
"558",2011-09-13,75,2011,9,13
"559",2011-09-14,35,2011,9,14
"560",2011-09-15,43,2011,9,15
"561",2011-09-16,41,2011,9,16
"562",2011-09-17,38,2011,9,17
"563",2011-09-18,48,2011,9,18
"564",2011-09-19,43,2011,9,19
"565",2011-09-20,52,2011,9,20
"566",2011-09-21,45,2011,9,21
"567",2011-09-22,60,2011,9,22
"568",2011-09-23,38,2011,9,23
"569",2011-09-24,28,2011,9,24
"570",2011-09-25,41,2011,9,25
"571",2011-09-26,39,2011,9,26
"572",2011-09-27,48,2011,9,27
"573",2011-09-28,42,2011,9,28
"574",2011-09-29,49,2011,9,29
"575",2011-09-30,34,2011,9,30
"576",2011-10-01,27,2011,10,1
"577",2011-10-02,40,2011,10,2
"578",2011-10-03,38,2011,10,3
"579",2011-10-04,45,2011,10,4
"580",2011-10-05,33,2011,10,5
"581",2011-10-06,44,2011,10,6
"582",2011-10-07,35,2011,10,7
"583",2011-10-08,49,2011,10,8
"584",2011-10-09,23,2011,10,9
"585",2011-10-10,38,2011,10,10
"586",2011-10-11,43,2011,10,11
"587",2011-10-12,46,2011,10,12
"588",2011-10-13,24,2011,10,13
"589",2011-10-14,38,2011,10,14
"590",2011-10-15,30,2011,10,15
"591",2011-10-16,33,2011,10,16
"592",2011-10-17,40,2011,10,17
"593",2011-10-18,48,2011,10,18
"594",2011-10-19,36,2011,10,19
"595",2011-10-20,36,2011,10,20
"596",2011-10-21,38,2011,10,21
"597",2011-10-22,41,2011,10,22
"598",2011-10-23,28,2011,10,23
"599",2011-10-24,30,2011,10,24
"600",2011-10-25,46,2011,10,25
"601",2011-10-26,51,2011,10,26
"602",2011-10-27,37,2011,10,27
"603",2011-10-28,36,2011,10,28
"604",2011-10-29,42,2011,10,29
"605",2011-10-30,37,2011,10,30
"606",2011-10-31,47,2011,10,31
"607",2011-11-01,46,2011,11,1
"608",2011-11-02,44,2011,11,2
"609",2011-11-03,41,2011,11,3
"610",2011-11-04,53,2011,11,4
"611",2011-11-05,32,2011,11,5
"612",2011-11-06,38,2011,11,6
"613",2011-11-07,36,2011,11,7
"614",2011-11-08,25,2011,11,8
"615",2011-11-09,37,2011,11,9
"616",2011-11-10,50,2011,11,10
"617",2011-11-11,39,2011,11,11
"618",2011-11-12,57,2011,11,12
"619",2011-11-13,34,2011,11,13
"620",2011-11-14,47,2011,11,14
"621",2011-11-15,39,2011,11,15
"622",2011-11-16,50,2011,11,16
"623",2011-11-17,39,2011,11,17
"624",2011-11-18,35,2011,11,18
"625",2011-11-19,43,2011,11,19
"626",2011-11-20,34,2011,11,20
"627",2011-11-21,48,2011,11,21
"628",2011-11-22,42,2011,11,22
"629",2011-11-23,52,2011,11,23
"630",2011-11-24,21,2011,11,24
"631",2011-11-25,40,2011,11,25
"632",2011-11-26,35,2011,11,26
"633",2011-11-27,37,2011,11,27
"634",2011-11-28,23,2011,11,28
"635",2011-11-29,74,2011,11,29
"636",2011-11-30,61,2011,11,30
"637",2011-12-01,54,2011,12,1
"638",2011-12-02,55,2011,12,2
"639",2011-12-03,30,2011,12,3
"640",2011-12-04,48,2011,12,4
"641",2011-12-05,44,2011,12,5
"642",2011-12-06,50,2011,12,6
"643",2011-12-07,41,2011,12,7
"644",2011-12-08,48,2011,12,8
"645",2011-12-09,54,2011,12,9
"646",2011-12-10,35,2011,12,10
"647",2011-12-11,51,2011,12,11
"648",2011-12-12,61,2011,12,12
"649",2011-12-13,34,2011,12,13
"650",2011-12-14,51,2011,12,14
"651",2011-12-15,55,2011,12,15
"652",2011-12-16,42,2011,12,16
"653",2011-12-17,32,2011,12,17
"654",2011-12-18,52,2011,12,18
"655",2011-12-19,58,2011,12,19
"656",2011-12-20,59,2011,12,20
"657",2011-12-21,59,2011,12,21
"658",2011-12-22,43,2011,12,22
"659",2011-12-23,32,2011,12,23
"660",2011-12-24,28,2011,12,24
"661",2011-12-25,29,2011,12,25
"662",2011-12-26,35,2011,12,26
"663",2011-12-27,45,2011,12,27
"664",2011-12-28,43,2011,12,28
"665",2011-12-29,55,2011,12,29
"666",2011-12-30,23,2011,12,30
"667",2011-12-31,33,2011,12,31
"668",2012-01-01,37,2012,1,1
"669",2012-01-02,22,2012,1,2
"670",2012-01-03,61,2012,1,3
"671",2012-01-04,27,2012,1,4
"672",2012-01-05,63,2012,1,5
"673",2012-01-06,36,2012,1,6
"674",2012-01-07,39,2012,1,7
"675",2012-01-08,26,2012,1,8
"676",2012-01-09,39,2012,1,9
"677",2012-01-10,54,2012,1,10
"678",2012-01-11,67,2012,1,11
"679",2012-01-12,44,2012,1,12
"680",2012-01-13,39,2012,1,13
"681",2012-01-14,43,2012,1,14
"682",2012-01-15,25,2012,1,15
"683",2012-01-16,29,2012,1,16
"684",2012-01-17,32,2012,1,17
"685",2012-01-18,49,2012,1,18
"686",2012-01-19,60,2012,1,19
"687",2012-01-20,27,2012,1,20
"688",2012-01-21,28,2012,1,21
"689",2012-01-22,18,2012,1,22
"690",2012-01-23,48,2012,1,23
"691",2012-01-24,57,2012,1,24
"692",2012-01-25,63,2012,1,25
"693",2012-01-26,59,2012,1,26
"694",2012-01-27,49,2012,1,27
"695",2012-01-28,38,2012,1,28
"696",2012-01-29,37,2012,1,29
"697",2012-01-30,55,2012,1,30
"698",2012-01-31,57,2012,1,31
"699",2012-02-01,50,2012,2,1
"700",2012-02-02,48,2012,2,2
"701",2012-02-03,42,2012,2,3
"702",2012-02-04,36,2012,2,4
"703",2012-02-05,28,2012,2,5
"704",2012-02-06,38,2012,2,6
"705",2012-02-07,38,2012,2,7
"706",2012-02-08,35,2012,2,8
"707",2012-02-09,34,2012,2,9
"708",2012-02-10,31,2012,2,10
"709",2012-02-11,23,2012,2,11
"710",2012-02-12,31,2012,2,12
"711",2012-02-13,47,2012,2,13
"712",2012-02-14,38,2012,2,14
"713",2012-02-15,29,2012,2,15
"714",2012-02-16,56,2012,2,16
"715",2012-02-17,34,2012,2,17
"716",2012-02-18,45,2012,2,18
"717",2012-02-19,41,2012,2,19
"718",2012-02-20,37,2012,2,20
"719",2012-02-21,41,2012,2,21
"720",2012-02-22,49,2012,2,22
"721",2012-02-23,52,2012,2,23
"722",2012-02-24,35,2012,2,24
"723",2012-02-25,56,2012,2,25
"724",2012-02-26,38,2012,2,26
"725",2012-02-27,65,2012,2,27
"726",2012-02-28,52,2012,2,28
"727",2012-02-29,51,2012,2,29
"728",2012-03-01,46,2012,3,1
"729",2012-03-02,37,2012,3,2
"730",2012-03-03,60,2012,3,3
"731",2012-03-04,32,2012,3,4
"732",2012-03-05,55,2012,3,5
"733",2012-03-06,62,2012,3,6
"734",2012-03-07,82,2012,3,7
"735",2012-03-08,44,2012,3,8
"736",2012-03-09,48,2012,3,9
"737",2012-03-10,37,2012,3,10
"738",2012-03-11,70,2012,3,11
"739",2012-03-12,52,2012,3,12
"740",2012-03-13,71,2012,3,13
"741",2012-03-14,86,2012,3,14
"742",2012-03-15,68,2012,3,15
"743",2012-03-16,60,2012,3,16
"744",2012-03-17,49,2012,3,17
"745",2012-03-18,62,2012,3,18
"746",2012-03-19,70,2012,3,19
"747",2012-03-20,72,2012,3,20
"748",2012-03-21,69,2012,3,21
"749",2012-03-22,80,2012,3,22
"750",2012-03-23,36,2012,3,23
"751",2012-03-24,42,2012,3,24
"752",2012-03-25,45,2012,3,25
"753",2012-03-26,74,2012,3,26
"754",2012-03-27,55,2012,3,27
"755",2012-03-28,65,2012,3,28
"756",2012-03-29,65,2012,3,29
"757",2012-03-30,36,2012,3,30
"758",2012-03-31,43,2012,3,31
"759",2012-04-01,25,2012,4,1
"760",2012-04-02,83,2012,4,2
"761",2012-04-03,80,2012,4,3
"762",2012-04-04,62,2012,4,4
"763",2012-04-05,70,2012,4,5
"764",2012-04-06,36,2012,4,6
"765",2012-04-07,58,2012,4,7
"766",2012-04-08,42,2012,4,8
"767",2012-04-09,37,2012,4,9
"768",2012-04-10,51,2012,4,10
"769",2012-04-11,61,2012,4,11
"770",2012-04-12,60,2012,4,12
"771",2012-04-13,74,2012,4,13
"772",2012-04-14,53,2012,4,14
"773",2012-04-15,47,2012,4,15
"774",2012-04-16,59,2012,4,16
"775",2012-04-17,60,2012,4,17
"776",2012-04-18,76,2012,4,18
"777",2012-04-19,49,2012,4,19
"778",2012-04-20,70,2012,4,20
"779",2012-04-21,49,2012,4,21
"780",2012-04-22,56,2012,4,22
"781",2012-04-23,54,2012,4,23
"782",2012-04-24,60,2012,4,24
"783",2012-04-25,68,2012,4,25
"784",2012-04-26,49,2012,4,26
"785",2012-04-27,60,2012,4,27
"786",2012-04-28,31,2012,4,28
"787",2012-04-29,35,2012,4,29
"788",2012-04-30,44,2012,4,30
"789",2012-05-01,68,2012,5,1
"790",2012-05-02,87,2012,5,2
"791",2012-05-03,91,2012,5,3
"792",2012-05-04,84,2012,5,4
"793",2012-05-05,48,2012,5,5
"794",2012-05-06,43,2012,5,6
"795",2012-05-07,61,2012,5,7
"796",2012-05-08,66,2012,5,8
"797",2012-05-09,43,2012,5,9
"798",2012-05-10,38,2012,5,10
"799",2012-05-11,71,2012,5,11
"800",2012-05-12,45,2012,5,12
"801",2012-05-13,47,2012,5,13
"802",2012-05-14,69,2012,5,14
"803",2012-05-15,78,2012,5,15
"804",2012-05-16,77,2012,5,16
"805",2012-05-17,80,2012,5,17
"806",2012-05-18,57,2012,5,18
"807",2012-05-19,49,2012,5,19
"808",2012-05-20,56,2012,5,20
"809",2012-05-21,56,2012,5,21
"810",2012-05-22,72,2012,5,22
"811",2012-05-23,68,2012,5,23
"812",2012-05-24,54,2012,5,24
"813",2012-05-25,53,2012,5,25
"814",2012-05-26,38,2012,5,26
"815",2012-05-27,46,2012,5,27
"816",2012-05-28,47,2012,5,28
"817",2012-05-29,70,2012,5,29
"818",2012-05-30,54,2012,5,30
"819",2012-05-31,49,2012,5,31
"820",2012-06-01,58,2012,6,1
"821",2012-06-02,59,2012,6,2
"822",2012-06-03,42,2012,6,3
"823",2012-06-04,81,2012,6,4
"824",2012-06-05,72,2012,6,5
"825",2012-06-06,75,2012,6,6
"826",2012-06-07,69,2012,6,7
"827",2012-06-08,65,2012,6,8
"828",2012-06-09,60,2012,6,9
"829",2012-06-10,56,2012,6,10
"830",2012-06-11,52,2012,6,11
"831",2012-06-12,82,2012,6,12
"832",2012-06-13,60,2012,6,13
"833",2012-06-14,56,2012,6,14
"834",2012-06-15,51,2012,6,15
"835",2012-06-16,63,2012,6,16
"836",2012-06-17,56,2012,6,17
"837",2012-06-18,84,2012,6,18
"838",2012-06-19,82,2012,6,19
"839",2012-06-20,71,2012,6,20
"840",2012-06-21,80,2012,6,21
"841",2012-06-22,77,2012,6,22
"842",2012-06-23,58,2012,6,23
"843",2012-06-24,65,2012,6,24
"844",2012-06-25,60,2012,6,25
"845",2012-06-26,50,2012,6,26
"846",2012-06-27,89,2012,6,27
"847",2012-06-28,63,2012,6,28
"848",2012-06-29,71,2012,6,29
"849",2012-06-30,78,2012,6,30
"850",2012-07-01,47,2012,7,1
"851",2012-07-02,55,2012,7,2
"852",2012-07-03,58,2012,7,3
"853",2012-07-04,54,2012,7,4
"854",2012-07-05,71,2012,7,5
"855",2012-07-06,65,2012,7,6
"856",2012-07-07,37,2012,7,7
"857",2012-07-08,93,2012,7,8
"858",2012-07-09,70,2012,7,9
"859",2012-07-10,64,2012,7,10
"860",2012-07-11,63,2012,7,11
"861",2012-07-12,83,2012,7,12
"862",2012-07-13,71,2012,7,13
"863",2012-07-14,50,2012,7,14
"864",2012-07-15,55,2012,7,15
"865",2012-07-16,91,2012,7,16
"866",2012-07-17,51,2012,7,17
"867",2012-07-18,64,2012,7,18
"868",2012-07-19,59,2012,7,19
"869",2012-07-20,67,2012,7,20
"870",2012-07-21,54,2012,7,21
"871",2012-07-22,75,2012,7,22
"872",2012-07-23,77,2012,7,23
"873",2012-07-24,73,2012,7,24
"874",2012-07-25,63,2012,7,25
"875",2012-07-26,52,2012,7,26
"876",2012-07-27,87,2012,7,27
"877",2012-07-28,68,2012,7,28
"878",2012-07-29,65,2012,7,29
"879",2012-07-30,60,2012,7,30
"880",2012-07-31,87,2012,7,31
"881",2012-08-01,79,2012,8,1
"882",2012-08-02,60,2012,8,2
"883",2012-08-03,59,2012,8,3
"884",2012-08-04,62,2012,8,4
"885",2012-08-05,55,2012,8,5
"886",2012-08-06,35,2012,8,6
"887",2012-08-07,72,2012,8,7
"888",2012-08-08,72,2012,8,8
"889",2012-08-09,67,2012,8,9
"890",2012-08-10,41,2012,8,10
"891",2012-08-11,53,2012,8,11
"892",2012-08-12,42,2012,8,12
"893",2012-08-13,66,2012,8,13
"894",2012-08-14,55,2012,8,14
"895",2012-08-15,103,2012,8,15
"896",2012-08-16,42,2012,8,16
"897",2012-08-17,50,2012,8,17
"898",2012-08-18,62,2012,8,18
"899",2012-08-19,58,2012,8,19
"900",2012-08-20,81,2012,8,20
"901",2012-08-21,50,2012,8,21
"902",2012-08-22,71,2012,8,22
"903",2012-08-23,74,2012,8,23
"904",2012-08-24,70,2012,8,24
"905",2012-08-25,59,2012,8,25
"906",2012-08-26,52,2012,8,26
"907",2012-08-27,67,2012,8,27
"908",2012-08-28,77,2012,8,28
"909",2012-08-29,81,2012,8,29
"910",2012-08-30,72,2012,8,30
"911",2012-08-31,66,2012,8,31
"912",2012-09-01,51,2012,9,1
"913",2012-09-02,64,2012,9,2
"914",2012-09-03,55,2012,9,3
"915",2012-09-04,64,2012,9,4
"916",2012-09-05,53,2012,9,5
"917",2012-09-06,74,2012,9,6
"918",2012-09-07,69,2012,9,7
"919",2012-09-08,69,2012,9,8
"920",2012-09-09,76,2012,9,9
"921",2012-09-10,70,2012,9,10
"922",2012-09-11,85,2012,9,11
"923",2012-09-12,76,2012,9,12
"924",2012-09-13,69,2012,9,13
"925",2012-09-14,48,2012,9,14
"926",2012-09-15,75,2012,9,15
"927",2012-09-16,59,2012,9,16
"928",2012-09-17,76,2012,9,17
"929",2012-09-18,60,2012,9,18
"930",2012-09-19,83,2012,9,19
"931",2012-09-20,89,2012,9,20
"932",2012-09-21,65,2012,9,21
"933",2012-09-22,54,2012,9,22
"934",2012-09-23,52,2012,9,23
"935",2012-09-24,52,2012,9,24
"936",2012-09-25,48,2012,9,25
"937",2012-09-26,72,2012,9,26
"938",2012-09-27,58,2012,9,27
"939",2012-09-28,65,2012,9,28
"940",2012-09-29,52,2012,9,29
"941",2012-09-30,45,2012,9,30
"942",2012-10-01,80,2012,10,1
"943",2012-10-02,67,2012,10,2
"944",2012-10-03,60,2012,10,3
"945",2012-10-04,57,2012,10,4
"946",2012-10-05,65,2012,10,5
"947",2012-10-06,70,2012,10,6
"948",2012-10-07,36,2012,10,7
"949",2012-10-08,52,2012,10,8
"950",2012-10-09,54,2012,10,9
"951",2012-10-10,66,2012,10,10
"952",2012-10-11,54,2012,10,11
"953",2012-10-12,53,2012,10,12
"954",2012-10-13,36,2012,10,13
"955",2012-10-14,27,2012,10,14
"956",2012-10-15,35,2012,10,15
"957",2012-10-16,61,2012,10,16
"958",2012-10-17,62,2012,10,17
"959",2012-10-18,70,2012,10,18
"960",2012-10-19,50,2012,10,19
"961",2012-10-20,57,2012,10,20
"962",2012-10-21,63,2012,10,21
"963",2012-10-22,64,2012,10,22
"964",2012-10-23,65,2012,10,23
"965",2012-10-24,67,2012,10,24
"966",2012-10-25,56,2012,10,25
"967",2012-10-26,62,2012,10,26
"968",2012-10-27,44,2012,10,27
"969",2012-10-28,32,2012,10,28
"970",2012-10-29,60,2012,10,29
"971",2012-10-30,66,2012,10,30
"972",2012-10-31,52,2012,10,31
"973",2012-11-01,61,2012,11,1
"974",2012-11-02,40,2012,11,2
"975",2012-11-03,17,2012,11,3
"976",2012-11-04,39,2012,11,4
"977",2012-11-05,59,2012,11,5
"978",2012-11-06,53,2012,11,6
"979",2012-11-07,77,2012,11,7
"980",2012-11-08,57,2012,11,8
"981",2012-11-09,74,2012,11,9
"982",2012-11-10,71,2012,11,10
"983",2012-11-11,40,2012,11,11
"984",2012-11-12,52,2012,11,12
"985",2012-11-13,49,2012,11,13
"986",2012-11-14,34,2012,11,14
"987",2012-11-15,72,2012,11,15
"988",2012-11-16,49,2012,11,16
"989",2012-11-17,38,2012,11,17
"990",2012-11-18,40,2012,11,18
"991",2012-11-19,54,2012,11,19
"992",2012-11-20,60,2012,11,20
"993",2012-11-21,53,2012,11,21
"994",2012-11-22,46,2012,11,22
"995",2012-11-23,35,2012,11,23
"996",2012-11-24,40,2012,11,24
"997",2012-11-25,43,2012,11,25
"998",2012-11-26,56,2012,11,26
"999",2012-11-27,53,2012,11,27
"1000",2012-11-28,59,2012,11,28
"1001",2012-11-29,63,2012,11,29
"1002",2012-11-30,37,2012,11,30
"1003",2012-12-01,49,2012,12,1
"1004",2012-12-02,56,2012,12,2
"1005",2012-12-03,67,2012,12,3
"1006",2012-12-04,65,2012,12,4
"1007",2012-12-05,64,2012,12,5
"1008",2012-12-06,66,2012,12,6
"1009",2012-12-07,46,2012,12,7
"1010",2012-12-08,55,2012,12,8
"1011",2012-12-09,41,2012,12,9
"1012",2012-12-10,68,2012,12,10
"1013",2012-12-11,50,2012,12,11
"1014",2012-12-12,40,2012,12,12
"1015",2012-12-13,56,2012,12,13
"1016",2012-12-14,69,2012,12,14
"1017",2012-12-15,65,2012,12,15
"1018",2012-12-16,40,2012,12,16
"1019",2012-12-17,70,2012,12,17
"1020",2012-12-18,72,2012,12,18
"1021",2012-12-19,70,2012,12,19
"1022",2012-12-20,41,2012,12,20
"1023",2012-12-21,41,2012,12,21
"1024",2012-12-22,30,2012,12,22
"1025",2012-12-23,34,2012,12,23
"1026",2012-12-24,35,2012,12,24
"1027",2012-12-25,15,2012,12,25
"1028",2012-12-26,42,2012,12,26
"1029",2012-12-27,54,2012,12,27
"1030",2012-12-28,58,2012,12,28
"1031",2012-12-29,64,2012,12,29
"1032",2012-12-30,73,2012,12,30
"1033",2012-12-31,44,2012,12,31
"1034",2013-01-01,79,2013,1,1
"1035",2013-01-02,49,2013,1,2
"1036",2013-01-03,64,2013,1,3
"1037",2013-01-04,65,2013,1,4
"1038",2013-01-05,47,2013,1,5
"1039",2013-01-06,54,2013,1,6
"1040",2013-01-07,47,2013,1,7
"1041",2013-01-08,52,2013,1,8
"1042",2013-01-09,59,2013,1,9
"1043",2013-01-10,59,2013,1,10
"1044",2013-01-11,83,2013,1,11
"1045",2013-01-12,66,2013,1,12
"1046",2013-01-13,46,2013,1,13
"1047",2013-01-14,66,2013,1,14
"1048",2013-01-15,68,2013,1,15
"1049",2013-01-16,69,2013,1,16
"1050",2013-01-17,59,2013,1,17
"1051",2013-01-18,66,2013,1,18
"1052",2013-01-19,56,2013,1,19
"1053",2013-01-20,24,2013,1,20
"1054",2013-01-21,44,2013,1,21
"1055",2013-01-22,58,2013,1,22
"1056",2013-01-23,36,2013,1,23
"1057",2013-01-24,48,2013,1,24
"1058",2013-01-25,49,2013,1,25
"1059",2013-01-26,60,2013,1,26
"1060",2013-01-27,68,2013,1,27
"1061",2013-01-28,69,2013,1,28
"1062",2013-01-29,75,2013,1,29
"1063",2013-01-30,43,2013,1,30
"1064",2013-01-31,78,2013,1,31
"1065",2013-02-01,51,2013,2,1
"1066",2013-02-02,39,2013,2,2
"1067",2013-02-03,48,2013,2,3
"1068",2013-02-04,84,2013,2,4
"1069",2013-02-05,69,2013,2,5
"1070",2013-02-06,63,2013,2,6
"1071",2013-02-07,47,2013,2,7
"1072",2013-02-08,42,2013,2,8
"1073",2013-02-09,85,2013,2,9
"1074",2013-02-10,49,2013,2,10
"1075",2013-02-11,54,2013,2,11
"1076",2013-02-12,85,2013,2,12
"1077",2013-02-13,62,2013,2,13
"1078",2013-02-14,78,2013,2,14
"1079",2013-02-15,76,2013,2,15
"1080",2013-02-16,66,2013,2,16
"1081",2013-02-17,47,2013,2,17
"1082",2013-02-18,64,2013,2,18
"1083",2013-02-19,63,2013,2,19
"1084",2013-02-20,89,2013,2,20
"1085",2013-02-21,74,2013,2,21
"1086",2013-02-22,57,2013,2,22
"1087",2013-02-23,61,2013,2,23
"1088",2013-02-24,72,2013,2,24
"1089",2013-02-25,92,2013,2,25
"1090",2013-02-26,61,2013,2,26
"1091",2013-02-27,35,2013,2,27
"1092",2013-02-28,52,2013,2,28
"1093",2013-03-01,61,2013,3,1
"1094",2013-03-02,57,2013,3,2
"1095",2013-03-03,45,2013,3,3
"1096",2013-03-04,62,2013,3,4
"1097",2013-03-05,45,2013,3,5
"1098",2013-03-06,61,2013,3,6
"1099",2013-03-07,66,2013,3,7
"1100",2013-03-08,87,2013,3,8
"1101",2013-03-09,107,2013,3,9
"1102",2013-03-10,43,2013,3,10
"1103",2013-03-11,82,2013,3,11
"1104",2013-03-12,71,2013,3,12
"1105",2013-03-13,86,2013,3,13
"1106",2013-03-14,77,2013,3,14
"1107",2013-03-15,74,2013,3,15
"1108",2013-03-16,54,2013,3,16
"1109",2013-03-17,79,2013,3,17
"1110",2013-03-18,68,2013,3,18
"1111",2013-03-19,72,2013,3,19
"1112",2013-03-20,68,2013,3,20
"1113",2013-03-21,55,2013,3,21
"1114",2013-03-22,82,2013,3,22
"1115",2013-03-23,51,2013,3,23
"1116",2013-03-24,41,2013,3,24
"1117",2013-03-25,70,2013,3,25
"1118",2013-03-26,70,2013,3,26
"1119",2013-03-27,69,2013,3,27
"1120",2013-03-28,60,2013,3,28
"1121",2013-03-29,34,2013,3,29
"1122",2013-03-30,97,2013,3,30
"1123",2013-03-31,71,2013,3,31
"1124",2013-04-01,59,2013,4,1
"1125",2013-04-02,62,2013,4,2
"1126",2013-04-03,53,2013,4,3
"1127",2013-04-04,76,2013,4,4
"1128",2013-04-05,67,2013,4,5
"1129",2013-04-06,61,2013,4,6
"1130",2013-04-07,74,2013,4,7
"1131",2013-04-08,64,2013,4,8
"1132",2013-04-09,59,2013,4,9
"1133",2013-04-10,68,2013,4,10
"1134",2013-04-11,109,2013,4,11
"1135",2013-04-12,82,2013,4,12
"1136",2013-04-13,62,2013,4,13
"1137",2013-04-14,52,2013,4,14
"1138",2013-04-15,65,2013,4,15
"1139",2013-04-16,68,2013,4,16
"1140",2013-04-17,67,2013,4,17
"1141",2013-04-18,47,2013,4,18
"1142",2013-04-19,74,2013,4,19
"1143",2013-04-20,68,2013,4,20
"1144",2013-04-21,76,2013,4,21
"1145",2013-04-22,111,2013,4,22
"1146",2013-04-23,61,2013,4,23
"1147",2013-04-24,79,2013,4,24
"1148",2013-04-25,87,2013,4,25
"1149",2013-04-26,65,2013,4,26
"1150",2013-04-27,60,2013,4,27
"1151",2013-04-28,62,2013,4,28
"1152",2013-04-29,121,2013,4,29
"1153",2013-04-30,84,2013,4,30
"1154",2013-05-01,85,2013,5,1
"1155",2013-05-02,78,2013,5,2
"1156",2013-05-03,92,2013,5,3
"1157",2013-05-04,83,2013,5,4
"1158",2013-05-05,78,2013,5,5
"1159",2013-05-06,98,2013,5,6
"1160",2013-05-07,74,2013,5,7
"1161",2013-05-08,76,2013,5,8
"1162",2013-05-09,80,2013,5,9
"1163",2013-05-10,71,2013,5,10
"1164",2013-05-11,48,2013,5,11
"1165",2013-05-12,56,2013,5,12
"1166",2013-05-13,76,2013,5,13
"1167",2013-05-14,74,2013,5,14
"1168",2013-05-15,51,2013,5,15
"1169",2013-05-16,74,2013,5,16
"1170",2013-05-17,57,2013,5,17
"1171",2013-05-18,79,2013,5,18
"1172",2013-05-19,78,2013,5,19
"1173",2013-05-20,73,2013,5,20
"1174",2013-05-21,79,2013,5,21
"1175",2013-05-22,76,2013,5,22
"1176",2013-05-23,49,2013,5,23
"1177",2013-05-24,77,2013,5,24
"1178",2013-05-25,81,2013,5,25
"1179",2013-05-26,74,2013,5,26
"1180",2013-05-27,68,2013,5,27
"1181",2013-05-28,70,2013,5,28
"1182",2013-05-29,96,2013,5,29
"1183",2013-05-30,56,2013,5,30
"1184",2013-05-31,63,2013,5,31
"1185",2013-06-01,65,2013,6,1
"1186",2013-06-02,62,2013,6,2
"1187",2013-06-03,75,2013,6,3
"1188",2013-06-04,87,2013,6,4
"1189",2013-06-05,83,2013,6,5
"1190",2013-06-06,74,2013,6,6
"1191",2013-06-07,67,2013,6,7
"1192",2013-06-08,86,2013,6,8
"1193",2013-06-09,61,2013,6,9
"1194",2013-06-10,71,2013,6,10
"1195",2013-06-11,69,2013,6,11
"1196",2013-06-12,76,2013,6,12
"1197",2013-06-13,67,2013,6,13
"1198",2013-06-14,59,2013,6,14
"1199",2013-06-15,59,2013,6,15
"1200",2013-06-16,62,2013,6,16
"1201",2013-06-17,97,2013,6,17
"1202",2013-06-18,79,2013,6,18
"1203",2013-06-19,91,2013,6,19
"1204",2013-06-20,81,2013,6,20
"1205",2013-06-21,59,2013,6,21
"1206",2013-06-22,54,2013,6,22
"1207",2013-06-23,83,2013,6,23
"1208",2013-06-24,79,2013,6,24
"1209",2013-06-25,75,2013,6,25
"1210",2013-06-26,108,2013,6,26
"1211",2013-06-27,67,2013,6,27
"1212",2013-06-28,70,2013,6,28
"1213",2013-06-29,87,2013,6,29
"1214",2013-06-30,82,2013,6,30
"1215",2013-07-01,76,2013,7,1
"1216",2013-07-02,75,2013,7,2
"1217",2013-07-03,94,2013,7,3
"1218",2013-07-04,78,2013,7,4
"1219",2013-07-05,70,2013,7,5
"1220",2013-07-06,78,2013,7,6
"1221",2013-07-07,80,2013,7,7
"1222",2013-07-08,88,2013,7,8
"1223",2013-07-09,69,2013,7,9
"1224",2013-07-10,82,2013,7,10
"1225",2013-07-11,74,2013,7,11
"1226",2013-07-12,79,2013,7,12
"1227",2013-07-13,87,2013,7,13
"1228",2013-07-14,80,2013,7,14
"1229",2013-07-15,88,2013,7,15
"1230",2013-07-16,64,2013,7,16
"1231",2013-07-17,63,2013,7,17
"1232",2013-07-18,87,2013,7,18
"1233",2013-07-19,68,2013,7,19
"1234",2013-07-20,87,2013,7,20
"1235",2013-07-21,72,2013,7,21
"1236",2013-07-22,55,2013,7,22
"1237",2013-07-23,64,2013,7,23
"1238",2013-07-24,91,2013,7,24
"1239",2013-07-25,83,2013,7,25
"1240",2013-07-26,67,2013,7,26
"1241",2013-07-27,69,2013,7,27
"1242",2013-07-28,91,2013,7,28
"1243",2013-07-29,60,2013,7,29
"1244",2013-07-30,70,2013,7,30
"1245",2013-07-31,65,2013,7,31
"1246",2013-08-01,80,2013,8,1
"1247",2013-08-02,67,2013,8,2
"1248",2013-08-03,67,2013,8,3
"1249",2013-08-04,76,2013,8,4
"1250",2013-08-05,53,2013,8,5
"1251",2013-08-06,44,2013,8,6
"1252",2013-08-07,70,2013,8,7
"1253",2013-08-08,75,2013,8,8
"1254",2013-08-09,50,2013,8,9
"1255",2013-08-10,76,2013,8,10
"1256",2013-08-11,64,2013,8,11
"1257",2013-08-12,61,2013,8,12
"1258",2013-08-13,89,2013,8,13
"1259",2013-08-14,77,2013,8,14
"1260",2013-08-15,83,2013,8,15
"1261",2013-08-16,74,2013,8,16
"1262",2013-08-17,72,2013,8,17
"1263",2013-08-18,51,2013,8,18
"1264",2013-08-19,59,2013,8,19
"1265",2013-08-20,77,2013,8,20
"1266",2013-08-21,77,2013,8,21
"1267",2013-08-22,74,2013,8,22
"1268",2013-08-23,86,2013,8,23
"1269",2013-08-24,73,2013,8,24
"1270",2013-08-25,62,2013,8,25
"1271",2013-08-26,84,2013,8,26
"1272",2013-08-27,65,2013,8,27
"1273",2013-08-28,81,2013,8,28
"1274",2013-08-29,82,2013,8,29
"1275",2013-08-30,72,2013,8,30
"1276",2013-08-31,69,2013,8,31
"1277",2013-09-01,94,2013,9,1
"1278",2013-09-02,109,2013,9,2
"1279",2013-09-03,67,2013,9,3
"1280",2013-09-04,87,2013,9,4
"1281",2013-09-05,75,2013,9,5
"1282",2013-09-06,74,2013,9,6
"1283",2013-09-07,90,2013,9,7
"1284",2013-09-08,75,2013,9,8
"1285",2013-09-09,76,2013,9,9
"1286",2013-09-10,74,2013,9,10
"1287",2013-09-11,96,2013,9,11
"1288",2013-09-12,83,2013,9,12
"1289",2013-09-13,76,2013,9,13
"1290",2013-09-14,94,2013,9,14
"1291",2013-09-15,59,2013,9,15
"1292",2013-09-16,69,2013,9,16
"1293",2013-09-17,93,2013,9,17
"1294",2013-09-18,91,2013,9,18
"1295",2013-09-19,49,2013,9,19
"1296",2013-09-20,89,2013,9,20
"1297",2013-09-21,89,2013,9,21
"1298",2013-09-22,78,2013,9,22
"1299",2013-09-23,83,2013,9,23
"1300",2013-09-24,67,2013,9,24
"1301",2013-09-25,82,2013,9,25
"1302",2013-09-26,72,2013,9,26
"1303",2013-09-27,50,2013,9,27
"1304",2013-09-28,66,2013,9,28
"1305",2013-09-29,68,2013,9,29
"1306",2013-09-30,57,2013,9,30
"1307",2013-10-01,77,2013,10,1
"1308",2013-10-02,86,2013,10,2
"1309",2013-10-03,74,2013,10,3
"1310",2013-10-04,52,2013,10,4
"1311",2013-10-05,57,2013,10,5
"1312",2013-10-06,55,2013,10,6
"1313",2013-10-07,54,2013,10,7
"1314",2013-10-08,66,2013,10,8
"1315",2013-10-09,64,2013,10,9
"1316",2013-10-10,62,2013,10,10
"1317",2013-10-11,62,2013,10,11
"1318",2013-10-12,56,2013,10,12
"1319",2013-10-13,80,2013,10,13
"1320",2013-10-14,59,2013,10,14
"1321",2013-10-15,40,2013,10,15
"1322",2013-10-16,61,2013,10,16
"1323",2013-10-17,81,2013,10,17
"1324",2013-10-18,68,2013,10,18
"1325",2013-10-19,64,2013,10,19
"1326",2013-10-20,68,2013,10,20
"1327",2013-10-21,60,2013,10,21
"1328",2013-10-22,86,2013,10,22
"1329",2013-10-23,64,2013,10,23
"1330",2013-10-24,56,2013,10,24
"1331",2013-10-25,53,2013,10,25
"1332",2013-10-26,61,2013,10,26
"1333",2013-10-27,41,2013,10,27
"1334",2013-10-28,59,2013,10,28
"1335",2013-10-29,79,2013,10,29
"1336",2013-10-30,73,2013,10,30
"1337",2013-10-31,57,2013,10,31
"1338",2013-11-01,78,2013,11,1
"1339",2013-11-02,59,2013,11,2
"1340",2013-11-03,50,2013,11,3
"1341",2013-11-04,40,2013,11,4
"1342",2013-11-05,50,2013,11,5
"1343",2013-11-06,31,2013,11,6
"1344",2013-11-07,52,2013,11,7
"1345",2013-11-08,50,2013,11,8
"1346",2013-11-09,50,2013,11,9
"1347",2013-11-10,40,2013,11,10
"1348",2013-11-11,35,2013,11,11
"1349",2013-11-12,54,2013,11,12
"1350",2013-11-13,47,2013,11,13
"1351",2013-11-14,56,2013,11,14
"1352",2013-11-15,45,2013,11,15
"1353",2013-11-16,59,2013,11,16
"1354",2013-11-17,40,2013,11,17
"1355",2013-11-18,51,2013,11,18
"1356",2013-11-19,64,2013,11,19
"1357",2013-11-20,66,2013,11,20
"1358",2013-11-21,53,2013,11,21
"1359",2013-11-22,43,2013,11,22
"1360",2013-11-23,55,2013,11,23
"1361",2013-11-24,56,2013,11,24
"1362",2013-11-25,45,2013,11,25
"1363",2013-11-26,48,2013,11,26
"1364",2013-11-27,48,2013,11,27
"1365",2013-11-28,26,2013,11,28
"1366",2013-11-29,54,2013,11,29
"1367",2013-11-30,45,2013,11,30
"1368",2013-12-01,34,2013,12,1
"1369",2013-12-02,55,2013,12,2
"1370",2013-12-03,49,2013,12,3
"1371",2013-12-04,63,2013,12,4
"1372",2013-12-05,46,2013,12,5
"1373",2013-12-06,40,2013,12,6
"1374",2013-12-07,42,2013,12,7
"1375",2013-12-08,30,2013,12,8
"1376",2013-12-09,31,2013,12,9
"1377",2013-12-10,50,2013,12,10
"1378",2013-12-11,49,2013,12,11
"1379",2013-12-12,45,2013,12,12
"1380",2013-12-13,46,2013,12,13
"1381",2013-12-14,42,2013,12,14
"1382",2013-12-15,44,2013,12,15
"1383",2013-12-16,32,2013,12,16
"1384",2013-12-17,36,2013,12,17
"1385",2013-12-18,46,2013,12,18
"1386",2013-12-19,50,2013,12,19
"1387",2013-12-20,37,2013,12,20
"1388",2013-12-21,37,2013,12,21
"1389",2013-12-22,34,2013,12,22
"1390",2013-12-23,31,2013,12,23
"1391",2013-12-24,23,2013,12,24
"1392",2013-12-25,24,2013,12,25
"1393",2013-12-26,33,2013,12,26
"1394",2013-12-27,41,2013,12,27
"1395",2013-12-28,45,2013,12,28
"1396",2013-12-29,26,2013,12,29
"1397",2013-12-30,34,2013,12,30
"1398",2013-12-31,33,2013,12,31
"1399",2014-01-01,49,2014,1,1
"1400",2014-01-02,43,2014,1,2
"1401",2014-01-03,26,2014,1,3
"1402",2014-01-04,44,2014,1,4
"1403",2014-01-05,39,2014,1,5
"1404",2014-01-06,33,2014,1,6
"1405",2014-01-07,31,2014,1,7
"1406",2014-01-08,38,2014,1,8
"1407",2014-01-09,38,2014,1,9
"1408",2014-01-10,45,2014,1,10
"1409",2014-01-11,46,2014,1,11
"1410",2014-01-12,49,2014,1,12
"1411",2014-01-13,39,2014,1,13
"1412",2014-01-14,55,2014,1,14
"1413",2014-01-15,42,2014,1,15
"1414",2014-01-16,39,2014,1,16
"1415",2014-01-17,53,2014,1,17
"1416",2014-01-18,34,2014,1,18
"1417",2014-01-19,52,2014,1,19
"1418",2014-01-20,41,2014,1,20
"1419",2014-01-21,42,2014,1,21
"1420",2014-01-22,57,2014,1,22
"1421",2014-01-23,38,2014,1,23
"1422",2014-01-24,27,2014,1,24
"1423",2014-01-25,44,2014,1,25
"1424",2014-01-26,33,2014,1,26
"1425",2014-01-27,44,2014,1,27
"1426",2014-01-28,31,2014,1,28
"1427",2014-01-29,47,2014,1,29
"1428",2014-01-30,40,2014,1,30
"1429",2014-01-31,42,2014,1,31
"1430",2014-02-01,41,2014,2,1
"1431",2014-02-02,48,2014,2,2
"1432",2014-02-03,49,2014,2,3
"1433",2014-02-04,49,2014,2,4
"1434",2014-02-05,58,2014,2,5
"1435",2014-02-06,40,2014,2,6
"1436",2014-02-07,54,2014,2,7
"1437",2014-02-08,36,2014,2,8
"1438",2014-02-09,28,2014,2,9
"1439",2014-02-10,46,2014,2,10
"1440",2014-02-11,46,2014,2,11
"1441",2014-02-12,50,2014,2,12
"1442",2014-02-13,70,2014,2,13
"1443",2014-02-14,50,2014,2,14
"1444",2014-02-15,40,2014,2,15
"1445",2014-02-16,45,2014,2,16
"1446",2014-02-17,43,2014,2,17
"1447",2014-02-18,46,2014,2,18
"1448",2014-02-19,65,2014,2,19
"1449",2014-02-20,23,2014,2,20
"1450",2014-02-21,43,2014,2,21
"1451",2014-02-22,33,2014,2,22
"1452",2014-02-23,41,2014,2,23
"1453",2014-02-24,44,2014,2,24
"1454",2014-02-25,42,2014,2,25
"1455",2014-02-26,57,2014,2,26
"1456",2014-02-27,43,2014,2,27
"1457",2014-02-28,35,2014,2,28
"1458",2014-03-01,41,2014,3,1
"1459",2014-03-02,33,2014,3,2
"1460",2014-03-03,32,2014,3,3
"1461",2014-03-04,43,2014,3,4
"1462",2014-03-05,45,2014,3,5
"1463",2014-03-06,35,2014,3,6
"1464",2014-03-07,47,2014,3,7
"1465",2014-03-08,49,2014,3,8
"1466",2014-03-09,42,2014,3,9
"1467",2014-03-10,57,2014,3,10
"1468",2014-03-11,48,2014,3,11
"1469",2014-03-12,29,2014,3,12
"1470",2014-03-13,37,2014,3,13
"1471",2014-03-14,51,2014,3,14
"1472",2014-03-15,55,2014,3,15
"1473",2014-03-16,46,2014,3,16
"1474",2014-03-17,46,2014,3,17
"1475",2014-03-18,57,2014,3,18
"1476",2014-03-19,43,2014,3,19
"1477",2014-03-20,72,2014,3,20
"1478",2014-03-21,82,2014,3,21
"1479",2014-03-22,65,2014,3,22
"1480",2014-03-23,45,2014,3,23
"1481",2014-03-24,52,2014,3,24
"1482",2014-03-25,28,2014,3,25
"1483",2014-03-26,38,2014,3,26
"1484",2014-03-27,44,2014,3,27
"1485",2014-03-28,48,2014,3,28
"1486",2014-03-29,38,2014,3,29
"1487",2014-03-30,44,2014,3,30
"1488",2014-03-31,62,2014,3,31
"1489",2014-04-01,30,2014,4,1
"1490",2014-04-02,54,2014,4,2
"1491",2014-04-03,49,2014,4,3
"1492",2014-04-04,47,2014,4,4
"1493",2014-04-05,67,2014,4,5
"1494",2014-04-06,39,2014,4,6
"1495",2014-04-07,51,2014,4,7
"1496",2014-04-08,63,2014,4,8
"1497",2014-04-09,45,2014,4,9
"1498",2014-04-10,44,2014,4,10
"1499",2014-04-11,53,2014,4,11
"1500",2014-04-12,50,2014,4,12
"1501",2014-04-13,37,2014,4,13
"1502",2014-04-14,39,2014,4,14
"1503",2014-04-15,47,2014,4,15
"1504",2014-04-16,60,2014,4,16
"1505",2014-04-17,15,2014,4,17
"1506",2014-04-18,13,2014,4,18
"1507",2014-04-19,4,2014,4,19
"1508",2014-04-20,7,2014,4,20
"1509",2014-04-21,6,2014,4,21
"1510",2014-04-22,6,2014,4,22
"1511",2014-04-23,6,2014,4,23
"1512",2014-04-24,6,2014,4,24
"1513",2014-04-25,1,2014,4,25
"1514",2014-04-27,1,2014,4,27
"1515",2014-04-28,1,2014,4,28
"1516",2014-04-29,8,2014,4,29
"1517",2014-05-02,2,2014,5,2
"1518",2014-05-03,2,2014,5,3
"1519",2014-05-04,1,2014,5,4
"1520",2014-05-05,3,2014,5,5
"1521",2014-05-06,3,2014,5,6
"1522",2014-05-08,1,2014,5,8
"1523",2014-05-09,1,2014,5,9
"1524",2014-05-10,2,2014,5,10
"1525",2014-05-11,2,2014,5,11
"1526",2014-05-13,1,2014,5,13
"1527",2014-05-14,4,2014,5,14
"1528",2014-05-15,1,2014,5,15
"1529",2014-05-17,1,2014,5,17
"1530",2014-05-18,1,2014,5,18
"1531",NA,4,NA,NA,NA
